region,year,week,case_per_capita(‰),NO2_sum,O3_sum,PM25_sum,SO2_sum
中彰投,2016,5,6.46,572.01,777.79,783.1,91.91999999999999
中彰投,2016,6,9.33,545.72,916.91,842.18,93.34
中彰投,2016,7,2.6,542.11,888.16,837.0600000000001,93.13
中彰投,2016,8,7.26,538.03,930.16,898.82,92.57
中彰投,2016,9,6.58,557.56,983.23,994.0300000000001,96.12
中彰投,2016,10,7.0,572.6700000000001,1002.89,1122.6499999999999,102.49
中彰投,2016,11,6.08,623.94,876.05,1030.52,99.66
中彰投,2016,12,6.37,649.83,889.4599999999999,1100.6299999999999,99.7
中彰投,2016,13,5.85,646.72,1008.3199999999999,1117.44,104.14
中彰投,2016,14,6.92,614.4,1003.2,1195.85,104.42999999999999
中彰投,2016,15,5.88,592.6700000000001,1020.18,1160.4299999999998,102.75
中彰投,2016,16,6.35,543.0,1082.44,1172.92,103.61000000000001
中彰投,2016,17,6.02,494.33000000000004,1105.79,1105.2,106.09
中彰投,2016,18,6.26,463.5,1031.51,1066.6200000000001,103.89000000000001
中彰投,2016,19,6.0,444.66,1010.6800000000001,892.8800000000001,103.11000000000001
中彰投,2016,20,5.64,426.26,1084.34,854.84,102.96999999999998
中彰投,2016,21,5.78,424.27,1075.77,854.6300000000001,105.75999999999999
中彰投,2016,22,5.69,392.69000000000005,1044.04,777.82,101.25
中彰投,2016,23,5.25,360.50000000000006,994.03,647.41,98.53999999999999
中彰投,2016,24,4.87,332.88,938.5799999999999,570.36,91.44
中彰投,2016,25,5.33,304.02,825.8100000000001,492.3,89.4
中彰投,2016,26,5.0,265.01,786.77,408.3,86.03
中彰投,2016,27,5.13,274.84,820.11,430.26,89.04999999999998
中彰投,2016,28,4.71,260.19,778.95,398.11,85.66
中彰投,2016,29,5.43,258.39,773.02,432.51,88.36
中彰投,2016,30,5.47,259.65,800.3499999999999,481.43999999999994,89.56
中彰投,2016,31,5.44,267.07,869.1100000000001,518.8100000000001,90.14
中彰投,2016,32,5.17,270.42,892.3800000000001,535.77,90.52000000000001
中彰投,2016,33,4.89,290.27,922.42,568.74,93.73
中彰投,2016,34,5.24,300.17999999999995,1024.19,640.1,96.96000000000001
中彰投,2016,35,5.38,318.96000000000004,1163.18,731.77,98.19
中彰投,2016,36,5.65,317.75,1100.29,679.8199999999999,93.96000000000001
中彰投,2016,37,5.14,321.9599999999999,1040.68,646.31,91.78
中彰投,2016,38,4.75,335.23,1091.81,685.0,92.15
中彰投,2016,39,5.46,349.84000000000003,1043.02,652.3000000000001,90.37
中彰投,2016,40,4.76,362.17999999999995,921.4000000000001,619.23,90.39000000000001
中彰投,2016,41,5.81,374.69000000000005,920.58,637.8199999999999,91.31
中彰投,2016,42,5.6,406.3,1034.26,849.41,99.35000000000001
中彰投,2016,43,5.72,425.46999999999997,987.82,908.9300000000001,105.42999999999999
中彰投,2016,44,5.62,438.02000000000004,1039.75,935.0,105.24
中彰投,2016,45,6.11,460.1099999999999,1063.1999999999998,931.98,105.60000000000001
中彰投,2016,46,6.13,515.0799999999999,1120.25,1115.8400000000001,113.44
中彰投,2016,47,6.06,533.35,1012.8,985.1899999999999,108.77
中彰投,2016,48,5.81,548.63,999.28,932.29,101.71
中彰投,2016,49,6.21,577.26,946.72,964.4200000000001,104.5
中彰投,2016,50,6.43,584.3900000000001,912.4399999999999,961.1800000000001,102.14999999999999
中彰投,2016,51,6.45,585.82,875.86,921.15,100.13999999999999
中彰投,2016,52,6.25,585.5699999999999,900.96,947.9699999999999,97.65
中彰投,2017,1,6.09,591.69,907.8199999999999,1093.42,99.93
中彰投,2017,2,6.26,595.5500000000001,900.04,1101.7199999999998,98.45999999999998
中彰投,2017,3,7.07,580.5,888.38,1063.51,96.41
中彰投,2017,4,7.33,554.26,917.8299999999999,1004.9100000000001,93.00999999999999
中彰投,2017,5,4.27,520.3299999999999,943.61,955.3900000000001,91.19999999999999
中彰投,2017,6,6.85,501.89000000000004,994.8299999999999,907.27,90.52999999999999
中彰投,2017,7,6.59,506.71000000000004,1049.83,935.69,92.53999999999999
中彰投,2017,8,6.11,519.87,1059.6200000000001,993.0699999999999,92.46
中彰投,2017,9,5.89,531.46,1087.45,1028.32,94.36999999999999
中彰投,2017,10,6.3,574.0899999999999,1106.6699999999998,1126.36,97.56
中彰投,2017,11,6.0,590.1,1110.38,1120.52,97.83
中彰投,2017,12,6.28,574.76,1131.46,1098.16,95.60999999999999
中彰投,2017,13,6.57,572.24,1230.7200000000003,1139.3000000000002,99.05999999999999
中彰投,2017,14,6.35,555.11,1294.44,1165.02,99.88
中彰投,2017,15,6.35,537.74,1253.3,1089.53,99.16999999999999
中彰投,2017,16,5.9,496.96000000000004,1221.99,1020.8499999999999,98.0
中彰投,2017,17,5.9,495.87,1246.07,1005.05,99.99
中彰投,2017,18,6.06,486.07,1200.07,964.16,100.83000000000001
中彰投,2017,19,5.7,470.98,1110.8700000000001,884.69,101.75
中彰投,2017,20,5.64,452.83000000000004,1176.0900000000001,835.12,101.37
中彰投,2017,21,5.74,463.90999999999997,1202.68,806.1899999999999,103.13
中彰投,2017,22,4.73,421.49,1123.67,719.04,99.13000000000001
中彰投,2017,23,5.47,385.19,1047.9,616.31,96.24000000000001
中彰投,2017,24,5.12,356.1,953.4,506.06999999999994,88.48
中彰投,2017,25,5.64,319.65,812.08,453.92999999999995,84.31
中彰投,2017,26,5.26,290.52,747.89,419.77,82.55
中彰投,2017,27,5.24,282.18,703.69,379.76,81.06
中彰投,2017,28,5.47,273.9,706.65,363.40999999999997,80.93
中彰投,2017,29,5.51,283.08,795.32,429.34000000000003,85.86
中彰投,2017,30,5.23,292.45,899.06,514.47,94.00999999999999
中彰投,2017,31,4.94,286.04,902.6999999999999,499.19,91.66
中彰投,2017,32,5.06,272.62,877.7,528.1,90.74000000000001
中彰投,2017,33,4.99,273.53999999999996,856.3799999999999,541.55,91.68999999999998
中彰投,2017,34,5.02,279.08,839.0899999999999,556.26,92.55000000000001
中彰投,2017,35,5.05,287.04,829.7699999999999,561.4000000000001,90.23
中彰投,2017,36,5.29,297.94,848.5300000000001,600.0699999999999,93.23
中彰投,2017,37,4.92,329.29999999999995,935.9000000000001,650.78,99.12
中彰投,2017,38,5.36,363.71,1101.3700000000001,790.0500000000001,107.44
中彰投,2017,39,5.36,367.75,1108.56,807.1500000000001,108.82000000000001
中彰投,2017,40,5.37,381.12,1147.06,842.4200000000002,109.21000000000001
中彰投,2017,41,5.2,406.6,1177.26,897.02,112.9
中彰投,2017,42,5.4,402.15,1161.3300000000002,842.0699999999999,106.72000000000001
中彰投,2017,43,6.3,394.86,1176.1,778.27,94.5
中彰投,2017,44,6.2,407.12,1233.29,762.4699999999999,88.78
中彰投,2017,45,6.03,423.45,1201.37,748.9100000000001,85.64
中彰投,2017,46,5.65,444.39000000000004,1155.4099999999999,737.5699999999999,82.72999999999999
中彰投,2017,47,6.12,472.1,1126.03,762.47,84.19000000000001
中彰投,2017,48,5.98,483.54,993.58,751.51,85.74000000000001
中彰投,2017,49,6.34,497.84,919.69,770.12,85.82
中彰投,2017,50,6.4,510.8299999999999,875.8199999999999,749.1,85.95
中彰投,2017,51,6.65,506.22,914.6100000000001,756.16,84.31
中彰投,2017,52,7.15,528.9000000000001,948.6500000000001,924.4300000000001,89.68
中彰投,2018,1,5.32,554.26,895.48,954.6099999999999,90.81
中彰投,2018,2,5.67,550.29,896.0000000000001,917.0999999999999,90.9
中彰投,2018,3,5.95,565.99,895.61,975.89,92.24000000000001
中彰投,2018,4,5.39,570.7,874.28,939.6500000000001,90.86000000000001
中彰投,2018,5,5.5,544.71,842.3799999999999,781.5500000000001,84.49
中彰投,2018,6,6.3,539.56,865.75,753.57,82.47999999999999
中彰投,2018,7,5.13,546.6700000000001,912.1300000000001,862.8399999999999,85.22
中彰投,2018,8,4.9,528.73,928.4499999999999,845.13,83.5
中彰投,2018,9,5.79,541.12,927.9899999999999,972.54,86.28999999999999
中彰投,2018,10,5.8,536.42,967.24,988.9,87.13
中彰投,2018,11,6.12,541.78,1040.61,1055.8,91.57000000000001
中彰投,2018,12,6.06,536.9399999999999,1085.5900000000001,1012.4,89.23
中彰投,2018,13,6.13,520.68,1182.5700000000002,1064.96,90.34
中彰投,2018,14,5.34,481.79999999999995,1241.96,1009.52,89.16000000000001
中彰投,2018,15,6.55,470.67999999999995,1248.63,1016.25,91.98
中彰投,2018,16,5.79,449.33,1295.51,1008.1800000000001,93.79
中彰投,2018,17,5.51,449.96000000000004,1286.54,1043.16,98.36
中彰投,2018,18,5.47,434.14,1246.74,966.2,100.31
中彰投,2018,19,5.28,438.67,1227.5900000000001,895.72,101.25999999999999
中彰投,2018,20,5.1,420.83,1151.72,856.0100000000001,101.03
中彰投,2018,21,5.01,393.5200000000001,1069.27,774.44,100.96000000000001
中彰投,2018,22,5.01,361.95000000000005,1048.04,681.34,99.7
中彰投,2018,23,4.88,353.29,1039.02,631.52,101.56
中彰投,2018,24,4.63,344.32,1108.9499999999998,623.45,103.25
中彰投,2018,25,4.42,334.58,1083.82,573.6700000000001,99.8
中彰投,2018,26,4.62,318.31,1027.4699999999998,518.16,96.2
中彰投,2018,27,4.58,303.14,903.0399999999998,452.79,91.71000000000001
中彰投,2018,28,4.52,291.49,856.77,451.84999999999997,91.08000000000001
中彰投,2018,29,4.89,276.82,802.77,493.5,90.79
中彰投,2018,30,4.75,281.57,846.4499999999999,540.47,94.08
中彰投,2018,31,4.8,273.74,869.31,543.51,91.65
中彰投,2018,32,4.56,277.68,987.7800000000001,642.56,97.12
中彰投,2018,33,4.73,274.07,984.03,590.21,91.05
中彰投,2018,34,4.44,269.94,955.21,486.32,86.52
中彰投,2018,35,5.11,269.27,914.11,455.63000000000005,83.33
中彰投,2018,36,5.09,277.15000000000003,940.9399999999999,470.72,83.05
中彰投,2018,37,5.12,300.67,903.2,457.33000000000004,83.37
中彰投,2018,38,4.99,316.62,924.5300000000001,554.43,86.86999999999999
中彰投,2018,39,4.86,318.07,1010.2500000000001,597.06,86.96
中彰投,2018,40,5.75,345.11,1250.13,694.04,89.61999999999999
中彰投,2018,41,4.93,376.19,1291.73,719.77,91.00999999999999
中彰投,2018,42,5.41,388.45000000000005,1337.4,702.8100000000001,87.97
中彰投,2018,43,5.29,409.77,1414.5700000000002,709.66,88.74
中彰投,2018,44,5.69,452.54,1344.11,721.79,89.47
中彰投,2018,45,5.47,480.77,1199.46,810.9399999999999,93.1
中彰投,2018,46,5.31,504.57,1166.01,851.3500000000001,95.88
中彰投,2018,47,5.28,517.01,1116.82,864.45,95.41999999999999
中彰投,2018,48,5.61,537.52,1025.1100000000001,861.14,95.07
中彰投,2018,49,5.93,541.02,968.79,860.72,94.66999999999999
中彰投,2018,50,5.85,533.73,909.79,714.81,89.41
中彰投,2018,51,5.96,546.1,925.24,752.91,89.22999999999999
中彰投,2018,52,6.21,527.1,913.94,687.71,86.23
中彰投,2019,1,4.45,527.54,865.5200000000001,650.0,82.96000000000001
中彰投,2019,2,5.88,539.91,847.4099999999999,678.88,82.83999999999999
中彰投,2019,3,5.6,542.67,884.51,747.9,82.53999999999999
中彰投,2019,4,6.23,532.4,890.9799999999999,718.87,79.96
中彰投,2019,5,8.66,569.24,911.58,851.6799999999998,82.27000000000001
中彰投,2019,6,1.92,533.01,970.22,872.45,81.09
中彰投,2019,7,6.96,519.34,1003.29,870.99,81.27000000000001
中彰投,2019,8,5.49,523.24,987.55,862.52,81.02000000000001
中彰投,2019,9,5.81,515.72,981.14,903.5600000000001,80.25999999999999
中彰投,2019,10,5.47,509.41,964.9999999999999,814.35,78.47
中彰投,2019,11,6.3,547.97,1027.02,891.12,81.91000000000001
中彰投,2019,12,5.94,548.39,1023.5900000000001,927.08,82.48
中彰投,2019,13,6.19,525.25,1091.87,915.9699999999999,82.50000000000001
中彰投,2019,14,5.19,504.41,1127.63,912.26,81.72999999999999
中彰投,2019,15,5.99,468.93000000000006,1153.04,937.59,82.72
中彰投,2019,16,5.87,446.34000000000003,1112.5700000000002,839.6400000000001,80.21000000000001
中彰投,2019,17,5.86,409.87,1143.0,798.98,80.04
中彰投,2019,18,5.18,407.54999999999995,1110.6999999999998,751.5999999999999,78.28
中彰投,2019,19,5.67,416.15,1065.15,673.05,79.61999999999999
中彰投,2019,20,5.41,392.07,973.7099999999999,616.4699999999999,77.84
中彰投,2019,21,5.11,389.36,995.86,655.09,80.16
中彰投,2019,22,5.08,387.59999999999997,952.9999999999999,594.5600000000001,80.17999999999999
中彰投,2019,23,4.95,356.37,855.49,543.78,81.08
中彰投,2019,24,5.46,334.47,858.83,483.71,78.84
中彰投,2019,25,5.32,330.0,857.42,454.99,79.25999999999999
中彰投,2019,26,5.19,290.73,776.19,338.76,75.28
中彰投,2019,27,5.16,267.51,739.76,309.42,72.73
中彰投,2019,28,5.01,254.73999999999998,757.74,322.62,71.98
中彰投,2019,29,5.04,234.7,722.9000000000001,343.48,71.45
中彰投,2019,30,4.98,231.26999999999998,751.32,348.51000000000005,72.08
中彰投,2019,31,4.92,236.76,798.58,403.4799999999999,75.73
中彰投,2019,32,4.86,238.69,854.0600000000001,447.04999999999995,76.84
中彰投,2019,33,4.79,243.18,916.0899999999999,424.48,76.21
中彰投,2019,34,4.89,250.41000000000003,918.08,433.21999999999997,78.25
中彰投,2019,35,4.99,260.93,970.22,501.81999999999994,81.81
中彰投,2019,36,5.31,264.65999999999997,960.43,498.4699999999999,81.2
中彰投,2019,37,4.72,284.10999999999996,1029.0700000000002,568.47,83.38
中彰投,2019,38,5.67,299.45,1185.55,624.03,85.28999999999999
中彰投,2019,39,5.51,320.18,1220.81,635.81,85.01
中彰投,2019,40,5.16,331.45,1279.94,747.7099999999999,84.48
中彰投,2019,41,5.15,354.23,1366.3899999999999,827.1400000000001,85.21000000000001
中彰投,2019,42,5.99,363.03,1411.6599999999999,772.4399999999999,83.11
中彰投,2019,43,5.86,398.89,1322.9399999999998,812.74,85.46000000000001
中彰投,2019,44,5.59,404.06,1365.9,850.0600000000001,84.63000000000001
中彰投,2019,45,5.74,418.15,1382.24,731.4100000000001,81.85000000000001
中彰投,2019,46,6.05,444.93999999999994,1374.6200000000003,764.1899999999999,80.91
中彰投,2019,47,6.03,456.86999999999995,1265.9900000000002,756.8600000000001,80.91
中彰投,2019,48,5.67,447.03999999999996,1218.25,718.72,78.72999999999999
中彰投,2019,49,5.78,443.66999999999996,1168.06,641.9300000000001,76.8
中彰投,2019,50,6.23,480.84999999999997,1075.81,688.35,77.82
中彰投,2019,51,6.02,475.60999999999996,935.81,583.5999999999999,76.33
中彰投,2019,52,5.98,498.77,899.95,591.65,76.48
北北基桃竹苗,2016,5,6.32,590.9,893.44,648.02,90.58999999999999
北北基桃竹苗,2016,6,8.42,567.4699999999999,1016.72,691.88,90.22
北北基桃竹苗,2016,7,2.49,565.37,986.76,668.44,87.18
北北基桃竹苗,2016,8,6.84,546.87,1038.1100000000001,664.97,84.59
北北基桃竹苗,2016,9,6.31,557.03,1104.23,698.57,81.94999999999999
北北基桃竹苗,2016,10,6.2,593.18,1078.9099999999999,813.1500000000001,89.1
北北基桃竹苗,2016,11,5.85,631.8,1000.8499999999999,725.9300000000001,84.61
北北基桃竹苗,2016,12,5.84,661.4,1045.89,774.86,86.14
北北基桃竹苗,2016,13,5.34,711.64,1095.65,857.3000000000001,94.55
北北基桃竹苗,2016,14,6.49,727.18,1043.4099999999999,989.4200000000001,102.53
北北基桃竹苗,2016,15,5.16,711.22,1059.8899999999999,973.3199999999999,101.11
北北基桃竹苗,2016,16,5.58,688.45,1097.75,993.98,104.79
北北基桃竹苗,2016,17,5.53,656.06,1080.31,1008.48,110.29
北北基桃竹苗,2016,18,5.54,622.1800000000001,1073.09,1014.5100000000001,111.16000000000001
北北基桃竹苗,2016,19,5.04,586.04,1083.96,877.9399999999999,109.58000000000001
北北基桃竹苗,2016,20,5.14,549.0799999999999,1155.36,833.24,106.96000000000001
北北基桃竹苗,2016,21,5.17,542.08,1102.6,831.0400000000001,112.57000000000001
北北基桃竹苗,2016,22,5.09,519.83,1061.9199999999998,746.51,110.61
北北基桃竹苗,2016,23,4.68,491.10999999999996,965.8299999999999,607.67,106.97
北北基桃竹苗,2016,24,4.25,463.95000000000005,899.0799999999999,526.8100000000001,99.41999999999999
北北基桃竹苗,2016,25,4.9,459.26,806.35,491.91999999999996,104.06
北北基桃竹苗,2016,26,4.71,428.70000000000005,805.5699999999999,434.28999999999996,101.52000000000001
北北基桃竹苗,2016,27,4.52,417.55999999999995,794.47,411.77,99.67
北北基桃竹苗,2016,28,4.08,402.51,766.43,379.59,97.0
北北基桃竹苗,2016,29,4.88,409.23,776.39,415.96,99.75
北北基桃竹苗,2016,30,4.63,414.28,826.6200000000001,466.04999999999995,103.35
北北基桃竹苗,2016,31,4.6,405.71,854.95,473.67999999999995,100.97000000000001
北北基桃竹苗,2016,32,4.52,415.04,868.6200000000001,478.55,103.35
北北基桃竹苗,2016,33,4.51,420.95,890.3600000000001,483.26,104.74000000000001
北北基桃竹苗,2016,34,4.66,422.5,933.75,504.26,108.57000000000001
北北基桃竹苗,2016,35,4.62,431.65,1048.32,535.8,104.97000000000001
北北基桃竹苗,2016,36,4.77,442.16999999999996,1012.96,522.31,103.62
北北基桃竹苗,2016,37,4.61,440.0499999999999,994.77,510.7299999999999,99.61
北北基桃竹苗,2016,38,3.86,431.51,1033.2699999999998,523.86,96.32000000000001
北北基桃竹苗,2016,39,5.23,415.27,1023.29,497.58000000000004,90.09
北北基桃竹苗,2016,40,3.88,393.0,851.5600000000002,427.32000000000005,85.57
北北基桃竹苗,2016,41,5.3,381.72,884.8100000000001,401.50000000000006,81.01
北北基桃竹苗,2016,42,4.87,370.29,913.9000000000001,442.36,81.75
北北基桃竹苗,2016,43,5.03,407.74,895.48,509.19000000000005,91.47999999999999
北北基桃竹苗,2016,44,5.0,416.94,965.65,514.46,93.67
北北基桃竹苗,2016,45,5.81,446.5,1025.26,536.62,95.54
北北基桃竹苗,2016,46,5.76,488.96000000000004,1052.97,636.3100000000001,103.53999999999999
北北基桃竹苗,2016,47,5.71,539.4100000000001,1047.29,620.74,107.51
北北基桃竹苗,2016,48,5.56,520.75,1057.59,567.91,97.61000000000001
北北基桃竹苗,2016,49,5.93,536.5699999999999,1030.05,594.73,98.88000000000001
北北基桃竹苗,2016,50,5.85,526.68,1042.27,595.0,96.14
北北基桃竹苗,2016,51,6.11,527.72,1008.4200000000001,575.9300000000001,93.07999999999998
北北基桃竹苗,2016,52,5.98,504.65,1062.73,612.71,87.01999999999998
北北基桃竹苗,2017,1,5.6,533.96,1029.42,676.5500000000001,91.69999999999999
北北基桃竹苗,2017,2,5.9,540.15,1026.19,698.45,91.56
北北基桃竹苗,2017,3,6.5,538.7,1006.4000000000001,672.01,89.9
北北基桃竹苗,2017,4,6.57,498.72999999999996,1072.72,649.96,86.00999999999999
北北基桃竹苗,2017,5,4.05,488.88,1061.43,639.8199999999999,85.44000000000001
北北基桃竹苗,2017,6,6.32,453.12,1147.15,653.1600000000001,82.11
北北基桃竹苗,2017,7,6.17,471.18,1184.74,659.42,80.3
北北基桃竹苗,2017,8,5.79,493.67999999999995,1189.33,694.0699999999999,79.94
北北基桃竹苗,2017,9,5.34,536.52,1185.87,745.02,83.53
北北基桃竹苗,2017,10,5.67,585.46,1243.17,791.85,86.9
北北基桃竹苗,2017,11,5.58,614.39,1233.48,743.27,86.51999999999998
北北基桃竹苗,2017,12,5.67,609.98,1237.2,702.4199999999998,87.3
北北基桃竹苗,2017,13,5.99,621.19,1335.55,802.74,93.60999999999999
北北基桃竹苗,2017,14,5.59,619.3499999999999,1381.1299999999999,838.6,95.96000000000001
北北基桃竹苗,2017,15,5.96,609.29,1332.1599999999999,819.7299999999999,98.63
北北基桃竹苗,2017,16,5.56,601.12,1276.76,850.02,101.21000000000001
北北基桃竹苗,2017,17,5.7,612.4499999999999,1304.54,871.2600000000001,101.95
北北基桃竹苗,2017,18,5.67,597.5899999999999,1234.54,819.6299999999999,104.84
北北基桃竹苗,2017,19,5.42,578.49,1151.23,753.37,105.33000000000001
北北基桃竹苗,2017,20,5.39,548.48,1205.13,699.74,102.73
北北基桃竹苗,2017,21,5.17,535.54,1239.2399999999998,632.56,104.34
北北基桃竹苗,2017,22,4.46,495.76,1154.21,580.48,101.4
北北基桃竹苗,2017,23,5.38,474.07,1094.9,533.09,99.25
北北基桃竹苗,2017,24,4.91,461.84999999999997,1043.2,453.07000000000005,93.03
北北基桃竹苗,2017,25,5.25,452.4,894.0500000000001,430.16,93.78
北北基桃竹苗,2017,26,5.03,441.8299999999999,833.2500000000001,434.46999999999997,95.37
北北基桃竹苗,2017,27,5.13,441.66,767.02,419.10999999999996,98.14
北北基桃竹苗,2017,28,5.07,432.86,734.0400000000001,378.47999999999996,97.69
北北基桃竹苗,2017,29,4.83,417.96,742.1200000000001,421.22999999999996,103.57
北北基桃竹苗,2017,30,4.85,410.44,797.76,460.25,105.38999999999999
北北基桃竹苗,2017,31,4.55,416.67999999999995,801.17,462.71999999999997,102.69
北北基桃竹苗,2017,32,4.72,404.76,822.0899999999999,497.47,103.06
北北基桃竹苗,2017,33,4.44,404.18,851.6600000000001,530.3,105.69
北北基桃竹苗,2017,34,4.38,399.03000000000003,844.1800000000001,521.73,103.13
北北基桃竹苗,2017,35,4.37,388.2,844.67,492.65999999999997,99.52000000000001
北北基桃竹苗,2017,36,4.65,390.13,848.82,506.59,102.70000000000002
北北基桃竹苗,2017,37,4.62,408.59999999999997,899.8100000000001,521.68,104.71000000000001
北北基桃竹苗,2017,38,4.98,430.6000000000001,1024.94,583.5500000000001,108.87
北北基桃竹苗,2017,39,4.77,454.63,1080.3,628.73,112.79999999999998
北北基桃竹苗,2017,40,4.76,467.03999999999996,1151.29,681.48,115.61
北北基桃竹苗,2017,41,4.35,432.51,1142.19,643.2399999999999,108.22
北北基桃竹苗,2017,42,4.98,418.81,1140.49,603.1800000000001,100.95
北北基桃竹苗,2017,43,5.77,405.43,1178.96,571.4499999999999,88.24
北北基桃竹苗,2017,44,5.62,394.88,1229.1499999999999,546.86,80.53
北北基桃竹苗,2017,45,5.45,401.56999999999994,1217.89,523.8000000000001,76.46000000000001
北北基桃竹苗,2017,46,5.39,449.22999999999996,1237.9499999999998,552.24,80.30000000000001
北北基桃竹苗,2017,47,5.71,463.91999999999996,1228.16,550.51,81.33000000000001
北北基桃竹苗,2017,48,5.66,460.33,1096.72,496.08,81.04
北北基桃竹苗,2017,49,6.01,472.99,1052.2,505.72,82.01
北北基桃竹苗,2017,50,6.33,482.02,1025.8899999999999,490.03999999999996,82.34
北北基桃竹苗,2017,51,6.44,475.45,1069.78,507.87,81.4
北北基桃竹苗,2017,52,6.63,480.63000000000005,1115.46,615.5,84.92
北北基桃竹苗,2018,1,5.11,490.71999999999997,1103.33,619.76,85.88000000000001
北北基桃竹苗,2018,2,5.64,492.70000000000005,1079.43,585.71,85.32000000000001
北北基桃竹苗,2018,3,5.67,519.27,1067.5100000000002,617.81,89.48
北北基桃竹苗,2018,4,5.42,506.27,1065.41,577.96,86.23
北北基桃竹苗,2018,5,5.02,501.18,1041.0500000000002,504.73,81.47
北北基桃竹苗,2018,6,6.1,517.95,1057.19,532.64,80.50999999999999
北北基桃竹苗,2018,7,4.69,533.15,1098.36,637.18,83.03999999999999
北北基桃竹苗,2018,8,4.85,520.01,1107.8600000000001,664.89,78.53
北北基桃竹苗,2018,9,5.34,576.63,1060.51,796.1699999999998,85.32
北北基桃竹苗,2018,10,5.58,574.1600000000001,1079.44,802.8599999999999,85.71
北北基桃竹苗,2018,11,5.68,595.5500000000001,1083.42,838.0999999999999,91.9
北北基桃竹苗,2018,12,5.81,581.73,1116.58,786.6,88.41999999999999
北北基桃竹苗,2018,13,5.77,564.71,1158.93,784.9,88.2
北北基桃竹苗,2018,14,4.81,513.6,1233.56,764.45,83.15
北北基桃竹苗,2018,15,6.21,541.75,1207.8200000000002,803.26,90.31
北北基桃竹苗,2018,16,5.31,509.55,1293.6,811.9799999999999,88.26
北北基桃竹苗,2018,17,5.2,516.61,1303.8,840.67,93.09
北北基桃竹苗,2018,18,4.83,524.29,1300.1,847.0,98.03
北北基桃竹苗,2018,19,4.97,528.69,1307.6699999999998,778.25,102.55000000000001
北北基桃竹苗,2018,20,4.69,503.88,1263.85,759.75,107.37
北北基桃竹苗,2018,21,4.69,492.27,1187.3200000000002,721.5500000000001,112.19
北北基桃竹苗,2018,22,4.46,464.35999999999996,1161.97,668.2700000000001,112.86000000000001
北北基桃竹苗,2018,23,4.4,443.12,1092.5500000000002,602.04,112.77000000000001
北北基桃竹苗,2018,24,4.5,433.83000000000004,1126.58,582.11,107.53
北北基桃竹苗,2018,25,3.97,414.79,1088.81,514.65,99.11000000000001
北北基桃竹苗,2018,26,4.46,399.34,1034.9099999999999,482.09,97.39
北北基桃竹苗,2018,27,4.52,381.83,926.3699999999999,432.32,94.17999999999999
北北基桃竹苗,2018,28,4.13,356.53000000000003,876.2299999999999,416.12000000000006,90.86999999999999
北北基桃竹苗,2018,29,4.52,323.11,704.45,396.90000000000003,92.79999999999998
北北基桃竹苗,2018,30,4.24,331.66,744.1,450.22,96.77999999999999
北北基桃竹苗,2018,31,4.13,333.46999999999997,771.4300000000001,459.01,95.06
北北基桃竹苗,2018,32,4.34,345.24,811.26,524.8299999999999,99.74000000000001
北北基桃竹苗,2018,33,4.36,375.84999999999997,862.58,525.5999999999999,101.00999999999999
北北基桃竹苗,2018,34,4.29,405.05,928.2700000000001,514.73,100.46999999999998
北北基桃竹苗,2018,35,4.53,414.52,898.54,477.31,95.96999999999998
北北基桃竹苗,2018,36,4.6,418.65,896.71,477.15,94.46
北北基桃竹苗,2018,37,4.49,407.90999999999997,860.8000000000001,422.87,88.99999999999999
北北基桃竹苗,2018,38,4.78,405.10999999999996,863.0899999999999,488.72999999999996,91.77999999999999
北北基桃竹苗,2018,39,4.3,397.38,959.58,512.24,88.94999999999999
北北基桃竹苗,2018,40,5.42,387.69,1177.35,550.23,88.32
北北基桃竹苗,2018,41,4.48,383.97999999999996,1237.6100000000001,524.1,84.76
北北基桃竹苗,2018,42,5.13,404.84,1362.69,530.37,83.41
北北基桃竹苗,2018,43,5.0,417.2199999999999,1454.72,514.38,80.69000000000001
北北基桃竹苗,2018,44,5.42,423.29999999999995,1463.77,498.37999999999994,81.14
北北基桃竹苗,2018,45,5.04,442.24999999999994,1299.17,528.4,84.72999999999999
北北基桃竹苗,2018,46,5.14,456.25,1249.2,546.3,86.69
北北基桃竹苗,2018,47,4.9,461.34,1182.0,550.3399999999999,87.58999999999999
北北基桃竹苗,2018,48,5.36,478.13,1130.58,553.98,87.7
北北基桃竹苗,2018,49,5.61,497.52,1021.8499999999999,562.95,90.78
北北基桃竹苗,2018,50,5.68,481.34999999999997,1006.65,486.28000000000003,85.38
北北基桃竹苗,2018,51,5.74,514.34,1025.53,544.51,88.42999999999999
北北基桃竹苗,2018,52,5.86,492.83,1023.65,505.99,85.66
北北基桃竹苗,2019,1,4.07,477.11,971.75,445.34000000000003,81.42
北北基桃竹苗,2019,2,6.11,483.26000000000005,947.7,457.91,78.87
北北基桃竹苗,2019,3,5.68,506.53000000000003,990.7499999999999,517.87,79.26
北北基桃竹苗,2019,4,6.16,482.17999999999995,1030.32,499.69,75.14999999999999
北北基桃竹苗,2019,5,8.4,532.5999999999999,1029.0099999999998,614.21,78.86
北北基桃竹苗,2019,6,1.86,507.0799999999999,1074.04,654.87,76.60000000000001
北北基桃竹苗,2019,7,6.62,493.4,1111.6100000000001,642.26,75.42999999999999
北北基桃竹苗,2019,8,5.66,487.86,1102.8799999999999,614.02,75.16999999999999
北北基桃竹苗,2019,9,5.12,489.98999999999995,1068.06,633.38,73.19
北北基桃竹苗,2019,10,5.37,484.28999999999996,1102.78,575.57,70.05
北北基桃竹苗,2019,11,5.97,527.9599999999999,1186.53,613.34,72.87
北北基桃竹苗,2019,12,5.69,544.73,1215.73,662.13,74.43
北北基桃竹苗,2019,13,5.86,534.4200000000001,1284.21,681.0000000000001,74.91
北北基桃竹苗,2019,14,4.78,531.84,1323.1299999999999,676.2400000000001,75.99
北北基桃竹苗,2019,15,6.02,507.52000000000004,1336.17,688.9,77.5
北北基桃竹苗,2019,16,5.62,512.5,1276.56,679.5799999999999,80.76
北北基桃竹苗,2019,17,5.32,492.46000000000004,1279.98,662.93,85.33
北北基桃竹苗,2019,18,4.87,482.14,1287.1299999999999,640.91,83.57000000000001
北北基桃竹苗,2019,19,5.31,469.11999999999995,1272.5900000000001,572.86,83.61
北北基桃竹苗,2019,20,5.1,460.01,1168.22,557.4399999999999,84.27
北北基桃竹苗,2019,21,5.15,439.17999999999995,1195.48,539.14,81.54
北北基桃竹苗,2019,22,4.89,432.53999999999996,1171.69,496.99,77.0
北北基桃竹苗,2019,23,4.63,425.0,1012.16,464.94999999999993,79.46
北北基桃竹苗,2019,24,5.08,428.42,1012.54,460.1,78.81
北北基桃竹苗,2019,25,4.93,425.09,1007.6600000000001,418.39,78.32
北北基桃竹苗,2019,26,4.71,408.08000000000004,905.41,363.21000000000004,78.0
北北基桃竹苗,2019,27,4.66,391.52000000000004,851.76,344.77,76.35000000000001
北北基桃竹苗,2019,28,4.77,379.6,873.03,357.5,74.78
北北基桃竹苗,2019,29,4.74,346.95,765.5400000000001,344.4,74.6
北北基桃竹苗,2019,30,4.46,340.93,783.3899999999999,358.19,74.76
北北基桃竹苗,2019,31,4.55,314.08000000000004,769.06,365.82,74.74
北北基桃竹苗,2019,32,3.95,297.55,775.89,380.52,74.19
北北基桃竹苗,2019,33,4.69,303.22,847.44,375.12,74.18
北北基桃竹苗,2019,34,4.45,307.12,863.52,379.37,74.75
北北基桃竹苗,2019,35,4.67,300.14,855.2900000000001,400.46999999999997,75.81
北北基桃竹苗,2019,36,4.81,319.80000000000007,855.2399999999999,407.94,76.78
北北基桃竹苗,2019,37,4.31,332.50000000000006,881.78,429.09,78.68
北北基桃竹苗,2019,38,5.03,343.75,976.9,449.68,78.32000000000001
北北基桃竹苗,2019,39,5.23,344.99,995.8500000000001,432.45000000000005,77.0
北北基桃竹苗,2019,40,4.62,361.88,1066.0600000000002,495.15,76.75
北北基桃竹苗,2019,41,4.64,363.24,1221.99,531.29,75.93
北北基桃竹苗,2019,42,5.49,375.06,1351.07,531.38,74.25
北北基桃竹苗,2019,43,5.46,376.69000000000005,1319.28,529.52,75.51
北北基桃竹苗,2019,44,5.2,383.07,1442.0200000000002,594.94,75.18
北北基桃竹苗,2019,45,5.4,376.6,1515.9299999999998,522.67,72.83000000000001
北北基桃竹苗,2019,46,5.73,407.01000000000005,1480.54,555.4,73.4
北北基桃竹苗,2019,47,5.57,409.95000000000005,1358.62,527.06,73.92
北北基桃竹苗,2019,48,5.32,405.85999999999996,1300.47,511.2,73.05
北北基桃竹苗,2019,49,5.57,412.26,1245.91,462.50000000000006,73.21000000000001
北北基桃竹苗,2019,50,6.11,447.4,1160.8400000000001,491.65,76.32
北北基桃竹苗,2019,51,5.83,447.26,1046.11,411.16,76.0
北北基桃竹苗,2019,52,5.65,478.52,1014.0600000000001,428.18000000000006,76.21000000000001
宜花東,2016,5,6.19,370.36999999999995,863.01,460.86999999999995,66.55
宜花東,2016,6,7.67,357.37,968.44,535.77,65.03999999999999
宜花東,2016,7,1.95,349.87,952.4,529.61,64.77000000000001
宜花東,2016,8,6.09,337.13,1023.77,544.47,62.66
宜花東,2016,9,5.98,330.29,1097.1,576.95,62.220000000000006
宜花東,2016,10,6.2,321.56,1090.6899999999998,609.98,63.81
宜花東,2016,11,5.3,337.12,1030.3899999999999,536.31,63.519999999999996
宜花東,2016,12,5.58,345.73,1066.1599999999999,576.93,64.17
宜花東,2016,13,5.71,349.92,1122.56,610.4100000000001,66.00999999999999
宜花東,2016,14,6.2,349.0,1075.44,658.72,68.0
宜花東,2016,15,5.35,352.84,1085.15,671.95,69.09
宜花東,2016,16,5.58,334.59999999999997,1090.55,675.03,71.01
宜花東,2016,17,4.9,313.4,1058.23,653.61,73.02000000000001
宜花東,2016,18,5.3,297.59999999999997,1010.6800000000001,648.5999999999999,73.47
宜花東,2016,19,5.29,281.73,980.04,557.26,71.03
宜花東,2016,20,5.63,261.34999999999997,1017.1400000000001,520.94,69.06
宜花東,2016,21,4.83,253.98,980.76,503.41,68.42
宜花東,2016,22,4.89,244.48,948.1999999999999,462.78999999999996,67.53999999999999
宜花東,2016,23,4.49,231.74,854.9599999999999,368.0,65.42
宜花東,2016,24,3.56,231.61,799.6299999999999,345.74,65.44
宜花東,2016,25,5.15,223.1,698.45,328.40999999999997,66.52
宜花東,2016,26,4.34,207.70000000000002,640.01,302.14,66.10000000000001
宜花東,2016,27,4.97,199.52,599.29,279.46000000000004,63.95
宜花東,2016,28,3.91,194.86,601.26,268.25,63.400000000000006
宜花東,2016,29,4.74,188.81,631.4200000000001,287.46999999999997,65.2
宜花東,2016,30,4.55,190.02,666.32,313.31999999999994,66.28999999999999
宜花東,2016,31,5.08,192.15999999999997,706.35,329.74,66.29
宜花東,2016,32,4.49,196.51999999999998,767.36,349.98,67.97
宜花東,2016,33,4.87,200.09,755.61,346.65,69.41
宜花東,2016,34,4.98,200.67000000000002,786.97,362.01,69.73
宜花東,2016,35,4.62,211.34000000000003,888.7900000000001,399.13,69.21000000000001
宜花東,2016,36,4.95,217.95000000000002,887.3100000000001,398.84999999999997,69.48
宜花東,2016,37,4.91,216.09,860.96,377.34999999999997,69.53
宜花東,2016,38,4.06,217.27,912.08,402.89,68.76
宜花東,2016,39,5.33,212.64,932.16,398.95000000000005,66.33000000000001
宜花東,2016,40,3.95,206.11,804.14,347.37,66.2
宜花東,2016,41,4.71,206.2,784.9200000000001,321.72,64.69
宜花東,2016,42,4.78,211.62,779.13,347.93,64.15
宜花東,2016,43,4.67,216.26000000000002,732.9899999999999,339.2,64.99
宜花東,2016,44,5.4,225.56,768.5600000000001,328.89,66.25
宜花東,2016,45,5.25,237.81,842.2300000000001,336.82,64.67999999999999
宜花東,2016,46,5.91,252.2,920.61,411.45,66.17
宜花東,2016,47,5.97,269.77,948.28,413.96000000000004,66.14999999999999
宜花東,2016,48,5.03,287.83,983.2800000000001,429.31999999999994,64.48
宜花東,2016,49,5.3,307.59,954.2900000000001,469.63,65.26
宜花東,2016,50,5.54,317.26,957.67,487.25999999999993,66.30000000000001
宜花東,2016,51,5.62,324.88,918.8499999999999,472.96,66.69
宜花東,2016,52,5.81,329.65999999999997,954.3299999999999,509.9,66.46
宜花東,2017,1,5.32,326.7,941.98,531.8,67.52000000000001
宜花東,2017,2,5.65,329.66,945.14,541.3399999999999,66.9
宜花東,2017,3,6.66,330.03,936.49,534.46,65.74
宜花東,2017,4,5.93,324.36,998.36,539.02,64.51
宜花東,2017,5,3.59,310.96000000000004,1011.83,509.20000000000005,63.97
宜花東,2017,6,6.34,307.89,1078.77,559.71,64.36
宜花東,2017,7,6.11,303.11,1105.32,554.25,64.03999999999999
宜花東,2017,8,5.76,307.27,1111.72,567.8100000000001,64.23
宜花東,2017,9,4.57,311.78000000000003,1141.24,601.95,63.489999999999995
宜花東,2017,10,5.2,336.39,1184.75,643.04,63.78
宜花東,2017,11,5.66,338.97,1181.81,590.42,61.91
宜花東,2017,12,5.66,332.91,1198.8899999999999,567.28,61.6
宜花東,2017,13,5.96,325.76,1275.06,617.82,59.830000000000005
宜花東,2017,14,5.47,315.06,1287.73,618.2700000000001,60.739999999999995
宜花東,2017,15,6.51,299.2,1253.4699999999998,602.6,61.169999999999995
宜花東,2017,16,5.42,285.99,1191.61,607.8000000000001,63.78
宜花東,2017,17,6.07,286.06,1218.94,613.07,63.9
宜花東,2017,18,5.86,271.69,1142.38,569.05,65.52000000000001
宜花東,2017,19,5.6,260.36,1061.0,513.4100000000001,67.78
宜花東,2017,20,5.26,252.00000000000003,1092.1,481.17,69.32000000000001
宜花東,2017,21,5.1,249.91000000000003,1126.81,435.27000000000004,67.5
宜花東,2017,22,4.61,241.67000000000002,1032.55,396.09,67.5
宜花東,2017,23,4.96,234.63,956.6200000000001,352.61,68.96000000000001
宜花東,2017,24,5.63,235.44000000000003,906.5799999999999,313.03000000000003,65.79
宜花東,2017,25,5.17,231.69000000000003,794.1200000000001,303.75,67.0
宜花東,2017,26,4.9,225.77,713.34,317.70000000000005,71.88000000000001
宜花東,2017,27,5.26,211.55,619.78,301.72,74.0
宜花東,2017,28,4.62,207.83,598.92,290.76,75.22999999999999
宜花東,2017,29,5.57,200.02,566.85,306.59000000000003,78.4
宜花東,2017,30,4.6,188.33999999999997,554.49,306.90999999999997,76.92
宜花東,2017,31,4.2,186.66000000000003,585.3699999999999,317.59,74.08
宜花東,2017,32,4.8,191.26999999999998,672.48,370.1,74.08
宜花東,2017,33,4.19,191.43,717.61,405.1,72.9
宜花東,2017,34,4.34,190.12,741.17,403.77000000000004,70.25
宜花東,2017,35,4.48,195.99,739.43,396.58000000000004,68.34
宜花東,2017,36,4.37,196.39,718.29,383.11,67.2
宜花東,2017,37,4.66,195.65999999999997,710.37,370.14,65.23
宜花東,2017,38,5.04,201.26,764.4499999999999,394.32,66.17
宜花東,2017,39,4.3,208.04,791.86,416.69,67.84
宜花東,2017,40,4.66,208.32999999999998,862.52,457.56,68.84
宜花東,2017,41,4.27,211.41,860.01,443.44,67.67
宜花東,2017,42,5.15,213.57,876.9499999999999,420.79,65.18
宜花東,2017,43,5.84,223.35,969.5699999999999,442.89,61.970000000000006
宜花東,2017,44,5.53,234.29,1057.47,455.04,60.00000000000001
宜花東,2017,45,5.31,249.2,1047.1999999999998,442.36,58.940000000000005
宜花東,2017,46,5.87,263.47,1085.49,462.54999999999995,59.52
宜花東,2017,47,5.76,282.15,1091.8,476.93999999999994,60.730000000000004
宜花東,2017,48,5.47,284.62,980.5699999999999,422.64,60.78
宜花東,2017,49,6.0,295.3,949.11,435.24,60.190000000000005
宜花東,2017,50,6.67,303.64,958.74,442.96,60.68
宜花東,2017,51,6.26,304.72,1001.04,459.23,60.629999999999995
宜花東,2017,52,6.61,308.59999999999997,1036.83,529.46,61.809999999999995
宜花東,2018,1,4.86,318.90999999999997,1023.5699999999999,546.1,62.309999999999995
宜花東,2018,2,5.74,315.45,1014.0799999999999,530.53,65.61
宜花東,2018,3,5.33,321.90000000000003,1002.7199999999999,542.6600000000001,68.6
宜花東,2018,4,5.35,323.98,1006.2199999999999,532.58,69.99000000000001
宜花東,2018,5,5.53,321.9,994.9599999999999,458.75,68.11
宜花東,2018,6,5.57,328.79,1015.8399999999999,453.53000000000003,67.69
宜花東,2018,7,3.99,325.94,1040.27,485.92999999999995,66.31
宜花東,2018,8,4.22,312.46,1072.29,474.78,63.8
宜花東,2018,9,4.55,312.92,1045.92,503.62,64.86
宜花東,2018,10,5.03,302.15999999999997,1059.5500000000002,519.5699999999999,66.78999999999999
宜花東,2018,11,4.56,286.93999999999994,1098.46,527.58,69.05
宜花東,2018,12,4.44,282.01,1127.62,513.41,69.47
宜花東,2018,13,5.42,269.53999999999996,1145.83,527.72,70.28
宜花東,2018,14,4.03,255.6,1183.67,536.14,69.39
宜花東,2018,15,5.53,251.5,1148.3999999999999,527.57,71.21
宜花東,2018,16,5.13,245.45,1168.15,530.4,71.38
宜花東,2018,17,4.62,241.18,1163.44,525.0799999999999,71.30999999999999
宜花東,2018,18,4.44,240.56,1138.96,506.48999999999995,71.51
宜花東,2018,19,4.17,241.41,1115.42,467.54999999999995,71.7
宜花東,2018,20,4.22,232.22000000000003,1051.3,458.28,72.96000000000001
宜花東,2018,21,4.29,223.69,990.15,445.19000000000005,73.85
宜花東,2018,22,4.92,213.84,953.9699999999999,415.07000000000005,74.46
宜花東,2018,23,3.68,202.14,888.9,383.13,74.46000000000001
宜花東,2018,24,4.04,195.77,949.72,377.74,73.80000000000001
宜花東,2018,25,4.08,197.27000000000004,935.6800000000001,360.02000000000004,72.44
宜花東,2018,26,3.83,190.3,869.3299999999999,342.70000000000005,72.81
宜花東,2018,27,4.2,198.11,783.11,331.76,73.5
宜花東,2018,28,3.79,194.18,749.97,321.41999999999996,73.4
宜花東,2018,29,4.36,181.9,577.79,292.63,74.56
宜花東,2018,30,4.21,178.68,596.99,310.47,75.86999999999999
宜花東,2018,31,4.42,181.51999999999998,645.66,323.07,76.31
宜花東,2018,32,3.85,169.32,681.87,341.59999999999997,76.7
宜花東,2018,33,3.83,179.3,722.3599999999999,341.84999999999997,75.61
宜花東,2018,34,3.63,188.77,791.37,337.28999999999996,73.15
宜花東,2018,35,4.26,188.85999999999999,757.7,307.24,67.88
宜花東,2018,36,4.01,186.56,721.0,291.01,65.76
宜花東,2018,37,3.94,184.70999999999998,673.31,260.84000000000003,61.57
宜花東,2018,38,4.53,177.74,640.0799999999999,273.19,61.11000000000001
宜花東,2018,39,4.18,176.26000000000002,702.1400000000001,296.75,60.39000000000001
宜花東,2018,40,5.11,182.4,916.97,360.59000000000003,62.85
宜花東,2018,41,4.23,193.52,998.19,357.60999999999996,61.9
宜花東,2018,42,4.94,208.57999999999998,1137.1,384.48,63.12
宜花東,2018,43,4.52,224.67000000000002,1264.5300000000002,423.69999999999993,64.58999999999999
宜花東,2018,44,4.87,247.41,1276.22,424.85,65.74
宜花東,2018,45,4.56,252.66000000000003,1104.15,394.48,66.84
宜花東,2018,46,4.78,257.93,1071.94,410.40999999999997,68.47999999999999
宜花東,2018,47,4.44,261.68,1008.18,399.27000000000004,69.75
宜花東,2018,48,5.32,270.14,953.3899999999999,383.81000000000006,69.36
宜花東,2018,49,5.11,265.8,892.8499999999999,378.86,69.61
宜花東,2018,50,5.19,275.07,928.96,367.13,66.11
宜花東,2018,51,5.75,285.69,939.92,387.59,64.42
宜花東,2018,52,5.48,285.07,943.84,371.05,62.25
宜花東,2019,1,3.82,289.26,919.27,346.72,58.8
宜花東,2019,2,5.53,295.9,912.54,353.26000000000005,56.54
宜花東,2019,3,6.03,297.35,952.5899999999999,380.38,55.63
宜花東,2019,4,6.21,297.72,995.8,400.69000000000005,54.84
宜花東,2019,5,7.95,305.91999999999996,1002.8199999999999,437.61,56.06
宜花東,2019,6,1.38,287.11,1041.14,461.59999999999997,56.38000000000001
宜花東,2019,7,6.65,274.34000000000003,1059.3100000000002,454.96,55.52
宜花東,2019,8,5.32,270.59000000000003,1035.52,442.88,57.650000000000006
宜花東,2019,9,4.82,258.94,1010.9200000000001,421.78,57.18
宜花東,2019,10,5.47,262.4,1039.7600000000002,413.69,57.37
宜花東,2019,11,5.92,275.79,1115.48,452.48,59.459999999999994
宜花東,2019,12,5.68,282.27,1134.83,486.38,61.69999999999999
宜花東,2019,13,5.15,277.49,1190.08,508.39,60.11999999999999
宜花東,2019,14,4.32,274.5,1206.55,509.37000000000006,59.3
宜花東,2019,15,6.07,255.17,1219.59,517.09,56.54
宜花東,2019,16,5.66,251.05,1146.15,479.08000000000004,55.6
宜花東,2019,17,4.86,235.48,1136.65,469.14,56.980000000000004
宜花東,2019,18,4.72,229.94,1131.29,447.98999999999995,57.57000000000001
宜花東,2019,19,5.31,227.38,1108.34,411.97999999999996,57.25
宜花東,2019,20,5.16,228.52,992.4499999999999,394.71,58.21
宜花東,2019,21,4.98,219.8,1022.6400000000001,400.01,58.10000000000001
宜花東,2019,22,5.14,221.05,1000.98,375.14,54.3
宜花東,2019,23,4.37,214.93,856.45,352.44,53.480000000000004
宜花東,2019,24,5.13,214.02,851.07,348.33000000000004,52.92
宜花東,2019,25,4.87,209.31,866.8100000000001,348.12,53.27
宜花東,2019,26,4.61,201.1,764.54,304.32,51.15
宜花東,2019,27,4.74,197.51999999999998,725.5500000000001,299.40999999999997,53.540000000000006
宜花東,2019,28,4.93,195.13,768.24,318.69,55.74
宜花東,2019,29,4.31,184.65,688.1399999999999,311.46000000000004,57.19
宜花東,2019,30,4.48,176.19,659.9000000000001,291.48,55.16
宜花東,2019,31,4.24,167.74,634.88,290.95000000000005,55.99
宜花東,2019,32,4.83,160.85,637.14,294.02000000000004,54.47
宜花東,2019,33,4.98,163.84,665.86,289.06,52.010000000000005
宜花東,2019,34,4.82,159.78,688.11,286.1,51.120000000000005
宜花東,2019,35,4.3,157.25,665.4799999999999,282.59,51.94
宜花東,2019,36,5.04,165.01,685.6199999999999,276.54,51.89
宜花東,2019,37,4.07,165.95999999999998,704.11,284.99,51.540000000000006
宜花東,2019,38,5.26,165.51,822.5200000000001,294.15999999999997,51.489999999999995
宜花東,2019,39,5.14,174.45999999999998,858.54,309.42,52.11000000000001
宜花東,2019,40,4.78,183.87,939.1899999999998,366.79999999999995,52.28
宜花東,2019,41,4.1,187.39,1094.1,439.81,52.24
宜花東,2019,42,5.75,197.35999999999999,1218.06,462.8,54.43
宜花東,2019,43,5.11,202.58999999999997,1187.4399999999998,482.37,55.59
宜花東,2019,44,5.35,212.03,1249.2499999999998,511.18,54.42999999999999
宜花東,2019,45,5.44,221.32,1342.7699999999998,489.62,55.37
宜花東,2019,46,5.59,236.10999999999999,1318.4,487.10999999999996,57.93000000000001
宜花東,2019,47,5.1,243.38,1235.7,458.22999999999996,56.010000000000005
宜花東,2019,48,5.32,249.01999999999998,1190.5900000000001,422.40999999999997,54.92
宜花東,2019,49,5.57,251.72,1165.6,387.44,54.550000000000004
宜花東,2019,50,6.45,260.11,1113.78,399.37,53.63
宜花東,2019,51,5.32,264.3,1015.11,345.26,51.75999999999999
宜花東,2019,52,5.29,275.16999999999996,988.9600000000002,343.48,51.68
雲嘉南,2016,5,6.67,575.81,828.02,1043.24,99.24000000000001
雲嘉南,2016,6,8.86,552.53,967.55,1097.3,99.73
雲嘉南,2016,7,3.27,556.9399999999999,923.84,1068.1,99.84
雲嘉南,2016,8,7.69,541.68,980.1,1112.6399999999999,100.83999999999999
雲嘉南,2016,9,7.06,552.5799999999999,1044.6,1217.3799999999999,103.35
雲嘉南,2016,10,7.18,559.14,1060.3899999999999,1340.22,114.34
雲嘉南,2016,11,6.46,601.38,930.61,1245.4299999999998,114.32000000000001
雲嘉南,2016,12,6.58,599.66,958.67,1332.0499999999997,110.93
雲嘉南,2016,13,6.08,593.06,1067.01,1361.47,110.44
雲嘉南,2016,14,7.12,558.58,1034.15,1378.54,108.99
雲嘉南,2016,15,5.62,524.67,1057.47,1309.56,103.99000000000001
雲嘉南,2016,16,6.16,464.24,1109.25,1257.26,103.52
雲嘉南,2016,17,5.65,421.0,1120.3899999999999,1141.45,106.77000000000001
雲嘉南,2016,18,5.59,386.21,1036.0700000000002,1070.56,106.81
雲嘉南,2016,19,5.4,372.97,999.51,896.1,105.94000000000001
雲嘉南,2016,20,5.42,368.97999999999996,1076.93,881.1700000000001,107.67000000000002
雲嘉南,2016,21,5.26,363.51,1077.51,878.6299999999999,107.8
雲嘉南,2016,22,4.86,338.25,1027.52,798.4799999999999,103.55
雲嘉南,2016,23,4.89,308.21,959.77,622.83,95.64
雲嘉南,2016,24,4.54,291.74,917.78,554.75,88.67000000000002
雲嘉南,2016,25,4.82,268.66,775.0899999999999,456.23,86.68
雲嘉南,2016,26,5.01,246.54,701.79,369.7,85.31
雲嘉南,2016,27,4.68,255.26,735.79,391.38,88.69
雲嘉南,2016,28,4.62,246.53,726.73,368.57,88.13
雲嘉南,2016,29,5.1,237.28000000000003,717.45,395.96,89.72999999999999
雲嘉南,2016,30,5.2,228.25000000000003,744.09,420.0,88.08
雲嘉南,2016,31,5.11,232.98000000000002,824.42,453.32,87.24
雲嘉南,2016,32,4.87,232.36,882.61,474.18,88.31
雲嘉南,2016,33,4.85,250.24,893.6899999999999,500.67,90.98
雲嘉南,2016,34,4.97,256.47,997.9300000000001,570.8399999999999,95.87
雲嘉南,2016,35,4.85,275.20000000000005,1179.4099999999999,691.35,98.6
雲嘉南,2016,36,5.14,276.34000000000003,1122.54,636.6500000000001,94.72
雲嘉南,2016,37,4.99,276.11,1058.79,607.0600000000001,93.61
雲嘉南,2016,38,4.18,289.61,1148.29,683.74,98.42999999999999
雲嘉南,2016,39,5.87,301.58,1156.42,683.65,98.53999999999999
雲嘉南,2016,40,4.53,316.01000000000005,1042.14,648.21,98.83
雲嘉南,2016,41,5.35,337.0,1049.4299999999998,696.55,101.62
雲嘉南,2016,42,5.51,368.63,1145.0,872.7399999999999,104.25
雲嘉南,2016,43,5.75,368.67,1074.59,880.7,105.91
雲嘉南,2016,44,5.71,398.25,1085.27,940.99,109.44
雲嘉南,2016,45,5.83,419.33000000000004,1092.64,961.2200000000001,109.34
雲嘉南,2016,46,5.75,456.47,1185.58,1196.19,119.39999999999999
雲嘉南,2016,47,5.86,486.55,1105.03,1177.4399999999998,120.38999999999999
雲嘉南,2016,48,5.59,524.41,1088.43,1172.8899999999999,118.02
雲嘉南,2016,49,5.41,550.34,1033.8700000000001,1206.6,118.07999999999998
雲嘉南,2016,50,5.94,571.0600000000001,993.7,1226.8899999999999,118.32
雲嘉南,2016,51,6.46,582.9,933.9,1179.19,114.19
雲嘉南,2016,52,6.13,589.99,941.1199999999999,1172.22,112.72
雲嘉南,2017,1,5.82,586.8299999999999,972.0699999999999,1335.07,113.12
雲嘉南,2017,2,6.41,588.3,964.0899999999999,1342.11,112.56
雲嘉南,2017,3,7.23,574.58,946.58,1302.72,113.21999999999998
雲嘉南,2017,4,7.45,553.03,971.98,1222.31,112.44
雲嘉南,2017,5,4.84,512.23,999.0899999999999,1185.6,110.59
雲嘉南,2017,6,6.86,508.1,1014.6200000000001,1146.59,112.08999999999999
雲嘉南,2017,7,6.55,497.48999999999995,1074.14,1165.15,109.26
雲嘉南,2017,8,6.35,497.24,1087.26,1226.1,107.92999999999999
雲嘉南,2017,9,5.9,498.01,1131.05,1274.72,109.62
雲嘉南,2017,10,6.12,533.4,1157.14,1347.65,110.52000000000001
雲嘉南,2017,11,6.1,537.17,1190.59,1322.65,109.19
雲嘉南,2017,12,5.88,524.04,1212.2800000000002,1289.2999999999997,110.01
雲嘉南,2017,13,6.25,522.8399999999999,1317.88,1309.84,110.29
雲嘉南,2017,14,5.68,503.01,1371.68,1280.56,108.18
雲嘉南,2017,15,5.9,480.15,1320.57,1191.4099999999999,108.41
雲嘉南,2017,16,5.33,438.53999999999996,1279.08,1089.95,106.03
雲嘉南,2017,17,5.82,438.36,1319.14,1083.82,107.07
雲嘉南,2017,18,5.66,415.03,1285.04,1024.54,108.06
雲嘉南,2017,19,5.25,395.84000000000003,1184.41,958.9499999999999,107.86
雲嘉南,2017,20,5.1,380.80000000000007,1264.77,928.9799999999999,107.63
雲嘉南,2017,21,5.53,388.48,1296.73,911.65,109.96
雲嘉南,2017,22,4.91,346.11000000000007,1189.42,781.66,103.3
雲嘉南,2017,23,5.12,320.86,1086.8500000000001,669.35,101.31
雲嘉南,2017,24,4.78,300.73,981.6400000000001,551.7,93.15
雲嘉南,2017,25,5.67,272.00000000000006,821.53,464.9,88.6
雲嘉南,2017,26,4.83,247.44,717.11,400.77,81.76
雲嘉南,2017,27,5.1,246.26999999999998,656.49,362.29999999999995,83.7
雲嘉南,2017,28,4.97,247.63,658.25,347.28999999999996,83.63
雲嘉南,2017,29,5.17,262.79999999999995,770.6399999999999,437.84999999999997,90.32
雲嘉南,2017,30,5.29,266.97,872.8,499.85999999999996,94.63
雲嘉南,2017,31,4.5,264.78999999999996,893.98,498.36,93.99999999999999
雲嘉南,2017,32,4.97,250.07,868.53,510.13,89.87
雲嘉南,2017,33,4.89,237.37,832.09,503.40999999999997,85.22999999999999
雲嘉南,2017,34,4.95,235.11,794.43,484.81999999999994,85.0
雲嘉南,2017,35,4.72,243.08999999999997,791.3299999999999,501.54999999999995,84.46
雲嘉南,2017,36,4.94,248.53,807.48,530.09,89.21
雲嘉南,2017,37,5.25,277.12,917.27,590.87,96.05000000000001
雲嘉南,2017,38,5.12,308.33000000000004,1127.61,761.9399999999999,107.81000000000002
雲嘉南,2017,39,5.01,311.56,1142.81,777.99,108.1
雲嘉南,2017,40,5.09,316.85,1206.0499999999997,824.5,109.28
雲嘉南,2017,41,4.83,342.86,1250.1,882.8100000000001,111.5
雲嘉南,2017,42,5.17,347.6,1233.99,847.6999999999999,106.00999999999999
雲嘉南,2017,43,5.95,368.65000000000003,1223.47,809.8399999999999,100.25
雲嘉南,2017,44,5.89,402.03,1282.51,845.8499999999999,99.61
雲嘉南,2017,45,5.67,433.16,1232.5,878.5900000000001,98.91
雲嘉南,2017,46,5.39,460.00000000000006,1200.8600000000001,934.34,99.30999999999999
雲嘉南,2017,47,5.99,490.79999999999995,1183.39,977.6400000000001,104.91999999999999
雲嘉南,2017,48,5.67,487.27000000000004,1061.77,961.5000000000001,103.31
雲嘉南,2017,49,6.16,502.37,988.27,986.03,103.19
雲嘉南,2017,50,6.38,520.98,950.3799999999999,962.05,103.66000000000001
雲嘉南,2017,51,6.63,522.37,975.6800000000001,939.54,102.8
雲嘉南,2017,52,6.9,530.88,1012.27,1096.94,103.35
雲嘉南,2018,1,5.11,549.13,963.14,1112.5500000000002,103.00999999999999
雲嘉南,2018,2,5.79,540.6600000000001,962.2500000000001,1052.05,100.44
雲嘉南,2018,3,5.72,540.94,970.1700000000001,1148.86,100.01
雲嘉南,2018,4,5.84,539.46,954.5600000000001,1122.85,99.89000000000001
雲嘉南,2018,5,5.57,529.01,906.06,982.0099999999999,92.81
雲嘉南,2018,6,6.22,536.6999999999999,919.38,996.0400000000001,89.6
雲嘉南,2018,7,5.12,533.41,972.23,1118.1599999999999,92.50000000000001
雲嘉南,2018,8,5.52,520.31,990.74,1074.45,92.17
雲嘉南,2018,9,5.6,522.1,996.0500000000001,1198.09,93.36
雲嘉南,2018,10,5.59,518.89,1035.29,1201.08,99.11
雲嘉南,2018,11,5.95,502.99,1129.54,1248.56,104.69
雲嘉南,2018,12,5.88,498.81,1174.05,1181.21,104.72
雲嘉南,2018,13,6.03,477.78,1260.0800000000002,1193.88,102.66999999999999
雲嘉南,2018,14,5.02,445.12999999999994,1317.8400000000001,1121.28,99.05
雲嘉南,2018,15,6.25,423.78999999999996,1311.86,1082.14,99.36999999999999
雲嘉南,2018,16,5.32,405.45,1351.9,1039.0900000000001,99.41999999999999
雲嘉南,2018,17,4.75,387.95,1350.49,1060.19,103.16999999999999
雲嘉南,2018,18,4.88,368.14,1303.23,960.6000000000001,105.75
雲嘉南,2018,19,4.69,368.11,1265.5700000000002,875.82,109.08
雲嘉南,2018,20,4.76,347.07,1177.32,837.38,107.43
雲嘉南,2018,21,4.58,317.84999999999997,1056.8,740.1,105.91999999999999
雲嘉南,2018,22,4.57,294.39,999.7499999999999,648.28,102.97
雲嘉南,2018,23,4.26,287.99,982.36,603.5,103.10999999999999
雲嘉南,2018,24,4.43,280.0,1043.86,593.45,100.94
雲嘉南,2018,25,4.02,276.42,1042.58,561.78,96.37
雲嘉南,2018,26,4.59,270.58,988.4999999999999,503.99,91.8
雲嘉南,2018,27,4.45,265.68,890.9,433.84999999999997,85.07
雲嘉南,2018,28,4.46,262.3,844.87,435.36,84.75
雲嘉南,2018,29,4.56,245.26,776.43,435.51000000000005,84.14
雲嘉南,2018,30,4.67,245.38,807.9300000000001,469.06,85.42000000000002
雲嘉南,2018,31,4.38,237.72000000000003,829.79,467.60999999999996,84.21
雲嘉南,2018,32,4.46,234.18999999999997,923.7199999999999,540.0,87.74
雲嘉南,2018,33,4.47,231.34999999999997,911.8699999999999,478.90999999999997,82.76
雲嘉南,2018,34,3.78,233.83999999999997,899.35,415.51,78.3
雲嘉南,2018,35,4.73,233.01999999999998,868.5799999999999,387.88,76.88
雲嘉南,2018,36,4.82,241.53,897.02,409.08000000000004,76.78999999999999
雲嘉南,2018,37,4.87,264.43,887.9399999999999,435.33,80.32
雲嘉南,2018,38,4.93,270.40000000000003,925.16,528.03,83.43
雲嘉南,2018,39,4.83,284.08000000000004,1022.23,601.1199999999999,88.03
雲嘉南,2018,40,5.33,317.96000000000004,1276.3,741.13,96.24000000000001
雲嘉南,2018,41,4.57,352.28999999999996,1358.2800000000002,822.4799999999999,103.33
雲嘉南,2018,42,4.9,372.71,1412.8799999999999,851.31,103.45999999999998
雲嘉南,2018,43,5.08,403.19,1503.3100000000002,931.16,110.16999999999999
雲嘉南,2018,44,5.4,445.03000000000003,1439.04,978.37,112.97999999999999
雲嘉南,2018,45,4.92,454.14,1292.0,1082.38,112.03
雲嘉南,2018,46,5.17,477.62,1243.54,1143.44,115.68
雲嘉南,2018,47,4.84,485.28,1188.7,1128.0500000000002,115.36000000000001
雲嘉南,2018,48,5.09,505.9100000000001,1098.83,1106.89,110.72
雲嘉南,2018,49,5.4,503.15,1044.37,1096.0900000000001,110.57999999999998
雲嘉南,2018,50,5.76,515.21,975.98,942.82,110.15
雲嘉南,2018,51,5.81,526.3199999999999,979.3400000000001,963.6500000000001,105.75
雲嘉南,2018,52,6.2,518.64,953.78,911.1,101.25000000000001
雲嘉南,2019,1,4.22,518.8900000000001,905.87,866.2099999999999,99.52000000000001
雲嘉南,2019,2,5.71,523.1700000000001,901.39,920.1,97.82000000000001
雲嘉南,2019,3,5.76,520.07,952.25,1032.42,93.33
雲嘉南,2019,4,6.24,512.14,982.86,1039.27,93.68
雲嘉南,2019,5,8.28,532.6500000000001,1017.4,1190.52,97.6
雲嘉南,2019,6,2.43,498.27000000000004,1072.16,1212.92,92.80000000000001
雲嘉南,2019,7,6.43,484.3,1105.01,1169.19,93.06
雲嘉南,2019,8,5.54,478.63,1088.9699999999998,1107.77,93.78999999999999
雲嘉南,2019,9,5.33,449.84999999999997,1093.09,1081.42,88.78
雲嘉南,2019,10,5.27,449.14,1071.25,977.92,83.53
雲嘉南,2019,11,5.77,476.2,1153.92,1042.13,89.6
雲嘉南,2019,12,5.75,477.85,1121.52,1051.3,89.19
雲嘉南,2019,13,5.81,458.91,1185.1100000000001,1011.61,92.3
雲嘉南,2019,14,4.82,448.82000000000005,1211.1799999999998,1002.1500000000001,91.99
雲嘉南,2019,15,5.64,410.74,1237.56,999.4300000000001,96.32
雲嘉南,2019,16,5.22,388.41,1188.4199999999998,886.04,90.16
雲嘉南,2019,17,5.14,352.38,1209.5700000000002,831.4,85.28999999999999
雲嘉南,2019,18,4.53,349.48,1183.15,792.21,79.39
雲嘉南,2019,19,5.21,354.14,1146.48,735.08,81.12
雲嘉南,2019,20,4.86,331.0,1045.26,653.51,75.28
雲嘉南,2019,21,4.83,325.3,1089.2,698.3399999999999,81.88
雲嘉南,2019,22,4.95,324.48,1073.32,649.92,82.12
雲嘉南,2019,23,4.67,299.22999999999996,952.74,585.45,81.75
雲嘉南,2019,24,4.81,282.24,931.33,505.59000000000003,78.13
雲嘉南,2019,25,4.89,280.5,919.32,478.76,77.46000000000001
雲嘉南,2019,26,4.67,258.78,777.84,350.04999999999995,69.71000000000001
雲嘉南,2019,27,4.69,243.19,727.73,315.3,68.84
雲嘉南,2019,28,4.56,232.41,744.67,323.0,68.61
雲嘉南,2019,29,4.65,219.75,696.97,321.79,68.41
雲嘉南,2019,30,4.76,217.87,718.04,325.75,68.85000000000001
雲嘉南,2019,31,4.57,218.52,766.7499999999999,369.01,69.69
雲嘉南,2019,32,4.72,214.01999999999998,831.4099999999999,405.24,69.58
雲嘉南,2019,33,4.32,219.65000000000003,888.75,385.40999999999997,68.57
雲嘉南,2019,34,4.63,217.91000000000003,904.9499999999999,389.05,68.89
雲嘉南,2019,35,4.91,225.14,958.43,447.78999999999996,71.11
雲嘉南,2019,36,4.89,224.17,954.8499999999999,437.03999999999996,71.02
雲嘉南,2019,37,4.47,241.51999999999998,1020.17,506.42999999999995,72.76
雲嘉南,2019,38,5.24,259.4,1196.29,587.02,75.10000000000001
雲嘉南,2019,39,5.13,288.24,1269.73,658.08,81.32
雲嘉南,2019,40,5.01,292.15000000000003,1363.65,761.38,79.88000000000001
雲嘉南,2019,41,4.43,307.74,1485.25,865.52,85.46
雲嘉南,2019,42,5.39,329.59999999999997,1529.36,854.09,89.5
雲嘉南,2019,43,5.16,355.99,1448.9199999999998,901.44,94.93
雲嘉南,2019,44,4.92,359.5,1477.56,924.7,92.94
雲嘉南,2019,45,5.31,391.68,1486.58,867.86,97.33
雲嘉南,2019,46,5.97,428.97999999999996,1466.36,916.0100000000001,98.52
雲嘉南,2019,47,5.35,442.08000000000004,1362.46,908.49,94.13
雲嘉南,2019,48,5.61,441.33,1303.75,868.21,89.57
雲嘉南,2019,49,5.39,451.90999999999997,1222.76,786.38,85.08
雲嘉南,2019,50,6.04,474.4,1141.17,830.51,81.9
雲嘉南,2019,51,5.83,473.92999999999995,993.6200000000001,747.53,76.4
雲嘉南,2019,52,5.71,485.69000000000005,961.4699999999999,743.24,76.14
高屏,2016,5,5.5,588.74,840.3800000000001,1065.96,105.97
高屏,2016,6,7.56,565.09,961.5300000000001,1077.72,101.71000000000001
高屏,2016,7,2.29,556.35,932.97,1056.72,100.07
高屏,2016,8,6.07,550.86,984.29,1110.33,98.55
高屏,2016,9,5.51,545.1800000000001,1076.35,1197.6200000000001,102.22
高屏,2016,10,5.87,540.33,1134.78,1243.17,112.31
高屏,2016,11,5.09,577.31,1024.72,1205.1399999999999,116.85000000000001
高屏,2016,12,5.37,577.9499999999999,1054.3500000000001,1254.08,117.31
高屏,2016,13,4.89,565.5899999999999,1127.76,1189.58,117.91
高屏,2016,14,5.86,533.8599999999999,1065.78,1132.96,119.93
高屏,2016,15,4.75,505.9,1056.77,1035.37,118.24
高屏,2016,16,5.09,450.49,1085.5800000000002,964.8299999999999,117.13000000000001
高屏,2016,17,4.51,409.8,1076.97,837.8299999999999,119.33
高屏,2016,18,4.99,366.1,1034.1100000000001,804.7099999999999,119.97
高屏,2016,19,4.85,342.89000000000004,982.71,662.18,117.25000000000001
高屏,2016,20,4.63,330.81,1066.9299999999998,672.16,115.08
高屏,2016,21,4.66,321.58,1080.75,636.23,113.7
高屏,2016,22,4.62,302.14,1040.14,585.73,111.57999999999998
高屏,2016,23,4.1,284.37,935.52,445.45000000000005,104.53999999999999
高屏,2016,24,3.64,279.65999999999997,909.52,419.69000000000005,99.77999999999999
高屏,2016,25,4.89,255.03,745.78,340.71,98.06
高屏,2016,26,4.6,230.42000000000002,648.3800000000001,283.77,97.64
高屏,2016,27,4.28,233.17,682.1899999999999,296.52,100.47
高屏,2016,28,3.79,226.13,693.3399999999999,282.96000000000004,101.21000000000001
高屏,2016,29,4.43,217.63000000000002,686.3799999999999,307.05,102.46000000000001
高屏,2016,30,4.67,222.56000000000003,729.8199999999999,334.43,103.94
高屏,2016,31,4.46,233.85000000000002,802.28,372.62,102.48000000000002
高屏,2016,32,4.58,239.64000000000001,861.11,382.29,98.87
高屏,2016,33,4.51,250.04999999999998,849.24,374.81,100.28
高屏,2016,34,4.29,262.3,935.4300000000001,416.79,100.86
高屏,2016,35,4.52,275.03999999999996,1091.8400000000001,493.33,99.03999999999999
高屏,2016,36,4.24,287.4,1060.76,451.59000000000003,96.33
高屏,2016,37,4.51,280.77,991.16,434.76,94.2
高屏,2016,38,3.51,294.07,1105.93,520.64,95.54
高屏,2016,39,5.02,298.3,1202.42,569.66,97.24
高屏,2016,40,3.7,311.29999999999995,1104.1200000000001,539.35,100.69
高屏,2016,41,4.83,321.22999999999996,1110.86,586.08,102.33
高屏,2016,42,4.54,357.51,1212.49,734.1500000000001,109.35000000000001
高屏,2016,43,4.78,360.23,1138.24,726.6099999999999,112.60000000000001
高屏,2016,44,4.72,395.72,1122.6599999999999,787.31,117.54
高屏,2016,45,5.04,414.09000000000003,1172.14,853.4200000000001,115.91
高屏,2016,46,5.05,447.78000000000003,1335.02,1062.04,126.24
高屏,2016,47,4.94,480.51,1287.23,1099.22,126.9
高屏,2016,48,4.81,520.69,1288.67,1148.2,122.99000000000001
高屏,2016,49,5.15,550.85,1222.28,1210.58,121.44000000000001
高屏,2016,50,5.49,575.4200000000001,1189.6799999999998,1246.08,124.22999999999999
高屏,2016,51,5.44,599.23,1099.08,1221.11,121.88999999999999
高屏,2016,52,5.41,603.4,1085.8799999999999,1208.7399999999998,118.42000000000002
高屏,2017,1,5.52,605.64,1123.21,1329.6899999999998,119.86
高屏,2017,2,5.4,604.4399999999999,1131.71,1323.35,119.94
高屏,2017,3,6.05,606.09,1097.62,1319.22,116.99000000000001
高屏,2017,4,6.35,597.02,1115.05,1288.35,115.18
高屏,2017,5,3.98,578.9899999999999,1148.78,1276.8899999999999,117.23
高屏,2017,6,6.11,584.75,1142.42,1278.3500000000001,119.42000000000002
高屏,2017,7,5.53,572.3299999999999,1185.47,1235.1200000000001,118.12
高屏,2017,8,5.33,560.99,1187.51,1233.15,119.31
高屏,2017,9,5.01,547.86,1236.09,1257.58,120.49
高屏,2017,10,5.18,561.52,1237.86,1283.7,118.46
高屏,2017,11,5.12,543.9499999999999,1290.97,1230.31,119.4
高屏,2017,12,5.13,516.79,1307.69,1198.8799999999999,119.56000000000002
高屏,2017,13,5.5,498.93999999999994,1404.6100000000001,1178.12,117.49000000000001
高屏,2017,14,5.14,467.93,1434.52,1095.1,112.22
高屏,2017,15,5.24,435.96000000000004,1387.9499999999998,986.13,111.72
高屏,2017,16,4.94,400.09999999999997,1291.92,864.9,107.07
高屏,2017,17,5.1,401.37,1313.67,840.69,106.85
高屏,2017,18,4.76,380.81,1292.4900000000002,812.97,110.14
高屏,2017,19,4.82,364.24,1177.96,757.25,113.95000000000002
高屏,2017,20,4.61,352.49,1258.27,743.1300000000001,113.41
高屏,2017,21,4.75,351.08000000000004,1316.47,730.96,113.01
高屏,2017,22,4.14,313.97,1207.46,648.75,110.22
高屏,2017,23,4.75,291.39,1054.0,539.5,104.72
高屏,2017,24,4.65,273.86,949.0600000000001,465.55,96.6
高屏,2017,25,4.72,246.27999999999997,794.81,400.36,94.65
高屏,2017,26,4.74,232.48000000000002,686.8399999999999,370.39,94.28
高屏,2017,27,4.74,226.51,603.64,334.69,92.72000000000001
高屏,2017,28,4.83,227.13,617.88,339.89000000000004,93.03
高屏,2017,29,4.71,245.62,726.49,415.25,98.53999999999999
高屏,2017,30,4.68,252.49999999999997,787.7300000000001,452.14000000000004,98.89999999999999
高屏,2017,31,4.2,254.70999999999998,816.28,460.30999999999995,97.25999999999999
高屏,2017,32,4.5,249.14999999999998,810.6600000000001,476.71,93.94999999999999
高屏,2017,33,4.42,248.25,815.5300000000001,494.71999999999997,93.92999999999999
高屏,2017,34,4.35,246.13000000000002,770.3000000000001,471.07,94.75
高屏,2017,35,4.44,252.81,764.1,473.45,95.96
高屏,2017,36,4.85,248.33999999999997,767.3000000000001,479.7,98.77000000000001
高屏,2017,37,4.33,267.61,892.4,531.21,103.83999999999999
高屏,2017,38,4.78,286.74,1054.09,647.6199999999999,111.25999999999999
高屏,2017,39,4.68,285.85,1086.28,672.77,113.29
高屏,2017,40,4.52,294.67,1196.7799999999997,754.3500000000001,117.8
高屏,2017,41,4.1,320.64000000000004,1233.4099999999999,806.8599999999999,120.02
高屏,2017,42,4.59,332.9,1218.06,805.38,117.78999999999999
高屏,2017,43,5.29,355.75,1250.07,807.77,114.36000000000001
高屏,2017,44,4.99,396.87000000000006,1338.1399999999999,867.14,113.28
高屏,2017,45,5.07,433.08000000000004,1292.75,941.2500000000001,111.16
高屏,2017,46,5.18,461.64,1305.06,1033.58,111.02
高屏,2017,47,5.23,504.64,1293.6299999999999,1108.61,114.33
高屏,2017,48,5.64,521.25,1165.96,1131.8300000000002,112.24000000000001
高屏,2017,49,5.61,541.77,1070.4299999999998,1173.5700000000002,109.63
高屏,2017,50,5.96,556.55,1034.57,1137.64,108.8
高屏,2017,51,5.71,568.25,1039.01,1103.2400000000002,107.92
高屏,2017,52,6.27,559.23,1071.3200000000002,1192.28,107.06
高屏,2018,1,4.61,565.9,1043.56,1204.9799999999998,105.34
高屏,2018,2,4.93,554.25,1035.5400000000002,1123.33,102.83
高屏,2018,3,5.09,561.03,1053.91,1202.92,103.47
高屏,2018,4,5.02,560.21,1060.67,1229.3200000000002,101.85000000000001
高屏,2018,5,4.98,565.48,981.51,1132.36,96.76
高屏,2018,6,5.95,566.41,958.51,1108.23,91.26
高屏,2018,7,4.12,548.56,998.66,1158.33,91.44
高屏,2018,8,4.58,521.58,1003.55,1088.13,88.6
高屏,2018,9,4.87,503.32000000000005,993.4,1068.43,90.44
高屏,2018,10,5.07,487.96000000000004,1047.19,1053.8500000000001,95.29
高屏,2018,11,5.06,467.41999999999996,1185.0,1044.74,102.67
高屏,2018,12,5.01,461.3,1268.0800000000002,1007.1300000000001,104.06
高屏,2018,13,5.11,439.04,1363.51,980.46,104.12
高屏,2018,14,4.24,414.81,1419.95,949.9899999999999,102.08
高屏,2018,15,5.13,389.65999999999997,1401.46,866.03,102.17999999999999
高屏,2018,16,4.54,375.06,1422.0,838.38,104.78999999999999
高屏,2018,17,4.58,355.71999999999997,1395.87,825.55,105.35
高屏,2018,18,4.24,339.07,1316.37,740.4,106.27
高屏,2018,19,4.69,329.61,1281.21,663.9399999999999,106.71
高屏,2018,20,4.22,311.44999999999993,1213.3600000000001,637.58,107.37
高屏,2018,21,4.32,283.51,1070.8300000000002,547.94,102.13
高屏,2018,22,3.92,271.09999999999997,997.9200000000001,491.52000000000004,102.77
高屏,2018,23,4.13,263.6,971.6400000000001,455.94000000000005,101.97
高屏,2018,24,4.04,258.36,1016.2900000000001,441.08,99.52
高屏,2018,25,3.56,259.27,1004.1699999999998,419.28,94.11
高屏,2018,26,4.12,255.17999999999998,954.2299999999999,385.41999999999996,91.69
高屏,2018,27,3.77,258.29,864.3899999999999,338.04,85.37
高屏,2018,28,4.13,257.09999999999997,830.42,333.65000000000003,85.37
高屏,2018,29,4.36,250.14,733.46,336.3,85.31
高屏,2018,30,4.12,248.70999999999998,765.6100000000001,361.25,86.13
高屏,2018,31,4.04,247.96,773.95,365.61,84.28
高屏,2018,32,4.12,238.79000000000002,853.6999999999999,395.62,85.59
高屏,2018,33,4.12,240.72,847.1199999999999,360.88,81.67999999999999
高屏,2018,34,3.5,242.67000000000002,868.24,328.87,80.08000000000001
高屏,2018,35,4.28,240.57,836.91,307.81000000000006,79.46000000000001
高屏,2018,36,4.43,242.45999999999998,860.4199999999998,319.28,80.22
高屏,2018,37,4.26,256.44,842.45,349.7,82.67999999999999
高屏,2018,38,4.3,258.67,879.47,429.63,86.47
高屏,2018,39,4.01,270.56,962.73,503.59999999999997,89.23
高屏,2018,40,4.8,292.86,1228.2099999999998,626.2299999999999,94.54
高屏,2018,41,4.24,318.22999999999996,1353.27,724.1299999999999,100.44
高屏,2018,42,4.63,335.92,1474.97,794.7199999999999,102.99000000000001
高屏,2018,43,4.52,358.96000000000004,1584.93,874.67,105.96000000000001
高屏,2018,44,4.69,409.69,1543.39,943.3499999999999,108.63000000000001
高屏,2018,45,4.76,422.95,1402.85,997.55,108.29
高屏,2018,46,4.44,441.02,1400.64,1067.91,111.52000000000001
高屏,2018,47,4.64,460.34,1347.8300000000002,1064.48,111.16
高屏,2018,48,4.86,484.45000000000005,1262.5,1041.81,109.53
高屏,2018,49,4.96,478.27,1248.64,1033.5,110.55
高屏,2018,50,5.16,507.53,1207.5,1003.8100000000001,109.97
高屏,2018,51,5.21,528.47,1180.57,1000.0,106.17999999999999
高屏,2018,52,5.53,534.12,1133.68,989.28,104.09
高屏,2019,1,3.77,548.54,1082.26,1008.8799999999999,101.74
高屏,2019,2,5.3,555.12,1076.48,1057.22,99.28
高屏,2019,3,5.12,547.18,1079.9099999999999,1098.82,95.13
高屏,2019,4,5.47,549.03,1073.81,1117.65,92.16
高屏,2019,5,7.98,550.34,1132.52,1155.56,91.6
高屏,2019,6,1.68,506.97999999999996,1193.23,1122.26,88.61999999999999
高屏,2019,7,5.64,480.12,1194.96,1048.8899999999999,85.17
高屏,2019,8,4.87,453.76000000000005,1190.21,947.4,83.0
高屏,2019,9,4.65,418.28,1201.48,881.3299999999999,81.94
高屏,2019,10,4.89,409.63,1141.73,821.1199999999999,78.91
高屏,2019,11,4.95,427.24,1224.26,867.71,80.47
高屏,2019,12,4.89,431.7099999999999,1194.07,879.34,79.74999999999999
高屏,2019,13,5.05,426.97999999999996,1249.6100000000001,882.9100000000001,81.86000000000001
高屏,2019,14,4.39,418.11,1298.49,896.51,81.46000000000001
高屏,2019,15,5.16,389.45,1341.23,903.91,84.11
高屏,2019,16,4.67,373.3,1271.1699999999998,804.6899999999999,83.13000000000001
高屏,2019,17,4.71,339.17,1260.7599999999998,738.44,82.19999999999999
高屏,2019,18,4.29,329.56000000000006,1247.52,694.8800000000001,79.13
高屏,2019,19,4.6,330.96999999999997,1192.18,639.16,78.52000000000001
高屏,2019,20,4.42,311.11,1080.1000000000001,561.3,75.23
高屏,2019,21,4.39,296.81,1119.52,565.6899999999999,75.31
高屏,2019,22,4.4,291.19,1115.35,536.05,74.53
高屏,2019,23,4.1,272.09999999999997,980.79,494.65,76.05
高屏,2019,24,4.51,251.44,899.48,405.94,74.83000000000001
高屏,2019,25,4.56,249.73999999999998,886.1800000000001,390.59999999999997,75.28999999999999
高屏,2019,26,4.41,237.89,742.73,319.32,73.74000000000001
高屏,2019,27,4.27,235.45999999999998,682.24,291.78,73.52
高屏,2019,28,4.56,230.12,695.0699999999999,297.77,71.08
高屏,2019,29,4.54,227.01,684.4599999999999,311.40999999999997,70.46
高屏,2019,30,4.3,224.46,700.19,311.89,69.44
高屏,2019,31,4.32,224.51999999999998,729.31,341.9,68.66
高屏,2019,32,4.34,217.69999999999996,795.9999999999999,367.67,68.4
高屏,2019,33,4.1,230.34,831.52,352.93,68.78
高屏,2019,34,4.13,224.62,845.4399999999999,348.05,71.23
高屏,2019,35,4.4,232.79999999999998,878.6099999999999,387.24,72.71000000000001
高屏,2019,36,4.76,229.91,878.89,370.47,72.83
高屏,2019,37,4.08,240.16,935.7299999999999,419.39,74.83
高屏,2019,38,4.76,243.84999999999997,1116.27,504.56,78.78
高屏,2019,39,4.91,263.93,1261.6399999999999,616.97,81.39999999999999
高屏,2019,40,4.56,267.2,1370.4099999999999,708.5699999999999,80.32
高屏,2019,41,4.03,272.57,1513.76,807.29,80.46000000000001
高屏,2019,42,5.05,290.82,1594.75,837.5,82.35
高屏,2019,43,4.81,304.22,1581.23,871.5500000000001,84.03
高屏,2019,44,4.87,323.09,1551.8700000000001,888.1500000000001,83.91
高屏,2019,45,5.06,353.52,1575.7800000000002,876.1600000000001,88.02000000000001
高屏,2019,46,5.1,386.94,1581.5600000000002,915.37,91.99000000000001
高屏,2019,47,5.22,413.74,1497.1000000000001,920.8299999999999,92.33000000000001
高屏,2019,48,5.13,436.46,1414.28,907.9200000000001,90.93
高屏,2019,49,5.25,446.27,1308.7,828.8399999999999,85.82
高屏,2019,50,5.86,461.03,1258.24,823.9200000000001,83.88
高屏,2019,51,5.56,477.17999999999995,1113.64,789.3999999999999,81.94
高屏,2019,52,5.35,489.5799999999999,1042.84,788.45,78.97
