region,year,week,case_per_capita(‰),O3_sum,PM10_sum,PM25_sum,SO2_sum
中彰投,2016,2,1.69,306.47,663.26,360.88,38.25
中彰投,2016,3,1.56,323.23,606.08,342.41999999999996,37.47
中彰投,2016,4,1.59,313.78,584.62,315.84000000000003,37.32
中彰投,2016,5,1.81,323.16999999999996,485.96999999999997,242.46,34.6
中彰投,2016,6,2.31,428.04999999999995,644.81,363.68,37.620000000000005
中彰投,2016,7,1.68,416.84000000000003,713.77,414.84000000000003,39.46
中彰投,2016,8,2.72,336.48,720.73,399.06,36.7
中彰投,2016,9,2.39,408.85,892.0799999999999,472.81,40.31
中彰投,2016,10,2.37,395.9,839.77,466.28999999999996,44.519999999999996
中彰投,2016,11,2.36,320.87,666.6800000000001,400.16999999999996,41.16
中彰投,2016,12,1.98,303.40999999999997,668.5699999999999,392.82,36.67
中彰投,2016,13,1.81,468.75,833.46,485.98,41.18
中彰投,2016,14,2.24,522.59,948.1600000000001,568.03,45.04
中彰投,2016,15,1.77,407.76,841.09,509.28,43.129999999999995
中彰投,2016,16,1.92,400.11,664.94,377.24,40.34
中彰投,2016,17,1.75,389.02,628.98,337.59000000000003,40.010000000000005
中彰投,2016,18,1.67,417.82,678.6099999999999,379.68,41.46
中彰投,2016,19,1.69,427.48,644.55,355.71000000000004,42.06
中彰投,2016,20,1.54,460.59,579.83,297.5,42.209999999999994
中彰投,2016,21,1.65,465.2,633.6500000000001,338.99,42.989999999999995
中彰投,2016,22,1.42,348.72,522.34,260.57,38.29
中彰投,2016,23,1.44,336.08000000000004,394.83000000000004,172.46,34.239999999999995
中彰投,2016,24,1.26,322.02,343.63,148.25,32.25
中彰投,2016,25,1.3,292.37,352.98,142.39,33.07
中彰投,2016,26,1.29,313.39,405.25,176.93,37.58
中彰投,2016,27,1.17,343.02,428.70000000000005,198.53,37.94
中彰投,2016,28,1.25,328.26,363.92,162.26999999999998,33.87
中彰投,2016,29,1.15,274.93,340.4,150.5,31.560000000000002
中彰投,2016,30,1.16,313.77,441.52,225.72,36.97
中彰投,2016,31,1.22,409.48,494.82000000000005,263.23,39.36
中彰投,2016,32,1.31,435.05,492.07000000000005,252.86,38.900000000000006
中彰投,2016,33,1.19,381.57,436.09000000000003,212.2,37.46
中彰投,2016,34,1.24,406.74,510.1,254.82999999999998,38.0
中彰投,2016,35,1.22,554.53,711.19,388.75,41.43
中彰投,2016,36,1.25,485.58,568.48,302.95000000000005,36.36
中彰投,2016,37,1.33,312.55,373.53,167.4,32.49
中彰投,2016,38,1.15,373.09000000000003,493.43000000000006,217.38,35.650000000000006
中彰投,2016,39,1.32,409.08,583.6800000000001,260.82,36.59
中彰投,2016,40,1.16,384.12,643.48,322.98,39.67
中彰投,2016,41,1.32,363.14,562.5999999999999,288.46999999999997,37.3
中彰投,2016,42,1.31,425.41,746.15,397.58,41.45
中彰投,2016,43,1.35,440.33000000000004,894.87,488.49,49.769999999999996
中彰投,2016,44,1.31,414.57,705.28,346.40999999999997,42.480000000000004
中彰投,2016,45,1.4,459.5,704.38,346.03,39.84
中彰投,2016,46,1.3,443.64,878.04,469.31,45.5
中彰投,2016,47,1.32,375.01,839.6600000000001,450.78999999999996,44.62
中彰投,2016,48,1.28,319.36,626.22,304.94,38.04
中彰投,2016,49,1.4,348.49,691.19,325.64,38.21
中彰投,2016,50,1.4,372.65999999999997,767.9000000000001,374.91999999999996,40.28
中彰投,2016,51,1.4,372.78,822.02,426.03999999999996,41.14
中彰投,2016,52,1.36,363.53,848.5699999999999,437.58,40.120000000000005
中彰投,2017,1,1.58,351.32,919.6999999999999,477.21000000000004,37.83
中彰投,2017,2,1.48,347.57,877.98,479.39,39.019999999999996
中彰投,2017,3,1.66,353.22,668.11,345.01,36.76
中彰投,2017,4,1.48,390.57,658.6800000000001,329.23,35.69
中彰投,2017,5,1.41,418.76,677.64,329.46000000000004,34.91
中彰投,2017,6,1.7,428.32,767.0,379.57000000000005,35.349999999999994
中彰投,2017,7,1.68,453.78999999999996,881.96,459.69,40.36
中彰投,2017,8,1.61,418.01,817.26,430.80999999999995,38.69
中彰投,2017,9,1.57,428.19,794.62,421.86,37.519999999999996
中彰投,2017,10,1.72,465.81,818.98,462.75,40.01
中彰投,2017,11,1.5,451.25,803.73,471.77,38.81
中彰投,2017,12,1.59,478.58000000000004,779.94,431.49,38.41
中彰投,2017,13,1.66,538.35,856.6400000000001,449.59000000000003,39.92
中彰投,2017,14,1.61,591.17,909.03,488.72,41.79
中彰投,2017,15,1.72,488.39,751.4100000000001,412.98,40.12
中彰投,2017,16,1.47,378.8,608.27,327.6,36.93
中彰投,2017,17,1.49,471.35,662.61,347.01,39.230000000000004
中彰投,2017,18,1.51,516.4300000000001,743.7,392.9,42.75
中彰投,2017,19,1.51,455.97,733.28,368.36,43.55
中彰投,2017,20,1.46,464.40999999999997,601.81,283.94,40.66
中彰投,2017,21,1.53,470.61,502.40999999999997,249.1,38.31
中彰投,2017,22,1.3,418.93,469.82,230.93,36.989999999999995
中彰投,2017,23,1.38,361.65,419.66999999999996,203.01999999999998,35.86
中彰投,2017,24,1.54,285.7,367.65,155.39,32.9
中彰投,2017,25,1.64,228.59,320.14,121.56,28.73
中彰投,2017,26,1.51,265.1,375.26,162.8,32.38
中彰投,2017,27,1.56,310.53999999999996,364.02,156.76,33.74
中彰投,2017,28,1.63,320.40999999999997,348.40999999999997,146.66,34.24
中彰投,2017,29,1.61,377.33000000000004,441.86,204.97,37.7
中彰投,2017,30,1.47,421.0,515.9200000000001,272.62,41.81
中彰投,2017,31,1.35,372.48,450.62,232.65,38.18
中彰投,2017,32,1.24,289.18,384.85,170.39,30.47
中彰投,2017,33,1.3,274.09,393.79999999999995,189.02,34.269999999999996
中彰投,2017,34,1.32,338.72,450.09999999999997,233.13,39.510000000000005
中彰投,2017,35,1.32,394.39,556.4,292.47,40.35
中彰投,2017,36,1.2,381.92,529.78,276.46,38.86
中彰投,2017,37,1.24,395.31,519.3,259.77,39.36
中彰投,2017,38,1.35,526.9300000000001,697.17,379.0,48.480000000000004
中彰投,2017,39,1.22,511.38,693.67,389.5,49.21
中彰投,2017,40,1.15,440.08000000000004,658.65,344.84000000000003,42.120000000000005
中彰投,2017,41,1.16,450.62,739.1700000000001,366.33000000000004,42.94
中彰投,2017,42,1.21,409.58000000000004,577.59,259.42,36.870000000000005
中彰投,2017,43,1.47,525.77,569.39,260.25,30.08
中彰投,2017,44,1.27,583.3399999999999,685.53,309.9,31.27
中彰投,2017,45,1.28,465.34999999999997,719.78,315.48,33.26
中彰投,2017,46,1.29,372.74,729.93,341.43,36.89
中彰投,2017,47,1.19,334.24,591.0999999999999,272.98,35.42
中彰投,2017,48,1.26,363.94,592.73,274.19,33.09
中彰投,2017,49,1.27,377.0,644.94,317.55,32.9
中彰投,2017,50,1.33,347.59000000000003,627.28,313.07,33.47
中彰投,2017,51,1.58,367.66,657.96,327.47,35.379999999999995
中彰投,2017,52,1.6,407.07000000000005,835.97,448.31000000000006,39.15
中彰投,2018,1,1.39,344.81,869.86,472.64,39.59
中彰投,2018,2,1.35,324.35,602.4200000000001,310.21999999999997,34.120000000000005
中彰投,2018,3,1.6,347.72,638.39,334.35,34.9
中彰投,2018,4,1.56,345.94,696.02,350.02,35.34
中彰投,2018,5,1.59,353.84000000000003,489.77,253.97,31.4
中彰投,2018,6,1.77,336.28,493.36,286.56,31.21
中彰投,2018,7,1.5,394.1,800.46,391.51,34.85
中彰投,2018,8,1.9,410.41999999999996,859.35,425.90999999999997,35.92
中彰投,2018,9,1.85,361.79999999999995,842.1600000000001,459.72,36.41
中彰投,2018,10,1.72,392.63,779.1,397.74,35.03
中彰投,2018,11,1.71,448.9,722.6600000000001,369.82,36.49
中彰投,2018,12,1.69,512.45,813.47,415.01,36.95
中彰投,2018,13,1.85,552.38,859.81,435.07000000000005,34.69
中彰投,2018,14,1.53,518.1700000000001,945.9200000000001,456.84000000000003,36.34
中彰投,2018,15,1.63,458.69,779.45,349.03,36.67
中彰投,2018,16,1.53,502.45,748.69,368.48,41.120000000000005
中彰投,2018,17,1.43,550.36,840.19,441.92,43.33
中彰投,2018,18,1.45,503.61,752.44,393.09000000000003,41.209999999999994
中彰投,2018,19,1.43,459.22,647.17,309.4,39.239999999999995
中彰投,2018,20,1.39,363.66999999999996,512.38,238.84,37.39
中彰投,2018,21,1.34,344.13,490.54,247.2,40.82
中彰投,2018,22,1.26,446.68,535.88,267.25,42.0
中彰投,2018,23,1.31,473.36,527.02,250.17000000000002,41.81
中彰投,2018,24,1.07,520.13,529.53,251.51,42.790000000000006
中彰投,2018,25,1.21,408.46999999999997,417.46,180.99,35.63
中彰投,2018,26,1.14,262.65,355.93,141.91,33.77
中彰投,2018,27,1.18,265.9,353.31,146.37,33.910000000000004
中彰投,2018,28,1.26,302.66,403.5,183.85999999999999,36.69
中彰投,2018,29,1.22,419.86,551.99,292.21999999999997,41.87
中彰投,2018,30,1.28,398.15,504.52,269.61,38.629999999999995
中彰投,2018,31,1.35,329.19,401.09000000000003,191.92000000000002,34.629999999999995
中彰投,2018,32,1.28,407.23,457.81,248.45999999999998,36.95
中彰投,2018,33,1.34,417.38,419.12,230.56,36.09
中彰投,2018,34,1.16,387.28999999999996,291.88,135.98000000000002,31.270000000000003
中彰投,2018,35,1.39,328.23,300.62,135.03,30.91
中彰投,2018,36,1.24,314.92,382.98,176.32,31.16
中彰投,2018,37,1.25,396.32000000000005,514.4300000000001,250.16,36.99
中彰投,2018,38,1.32,400.97,600.55,314.27,39.91
中彰投,2018,39,1.26,494.34000000000003,579.85,275.71000000000004,34.86
中彰投,2018,40,1.33,653.83,639.37,274.64,33.66
中彰投,2018,41,1.25,596.4000000000001,625.37,299.03,35.21
中彰投,2018,42,1.19,483.59000000000003,530.6800000000001,258.93,35.34
中彰投,2018,43,1.27,523.81,656.1700000000001,304.15999999999997,37.64
中彰投,2018,44,1.23,501.04999999999995,666.95,294.69,36.36
中彰投,2018,45,1.32,438.72,759.6500000000001,375.91999999999996,38.019999999999996
中彰投,2018,46,1.33,418.29999999999995,836.94,428.59000000000003,41.62
中彰投,2018,47,1.22,400.95,663.79,312.44,37.66
中彰投,2018,48,1.43,382.90999999999997,658.21,313.95,36.83
中彰投,2018,49,1.38,353.02,628.1700000000001,290.96000000000004,35.61
中彰投,2018,50,1.32,323.4,526.88,229.59,32.36
中彰投,2018,51,1.42,374.75,704.17,320.78,36.18
中彰投,2018,52,1.46,405.1,654.38,285.34000000000003,34.48
中彰投,2019,1,0.97,323.19,481.22,211.04,30.560000000000002
中彰投,2019,2,1.53,286.49,616.4200000000001,282.13,32.22
中彰投,2019,3,1.49,342.39,705.8299999999999,327.49,31.94
中彰投,2019,4,1.59,418.32,772.37,360.77,33.3
中彰投,2019,5,1.79,432.17,827.1700000000001,389.12,34.21
中彰投,2019,6,1.17,402.43,751.5699999999999,364.62,31.689999999999998
中彰投,2019,7,1.9,378.2,624.94,301.44,31.22
中彰投,2019,8,1.66,359.72,632.66,317.56,31.87
中彰投,2019,9,1.46,396.17,751.16,393.34000000000003,32.29
中彰投,2019,10,1.37,409.62,631.15,340.95,31.66
中彰投,2019,11,1.45,448.31,636.39,352.18,33.34
中彰投,2019,12,1.55,436.79,760.86,414.17,35.230000000000004
中彰投,2019,13,1.73,424.57000000000005,649.8,342.40999999999997,32.46
中彰投,2019,14,1.47,500.21000000000004,686.65,378.52,31.54
中彰投,2019,15,1.57,470.78999999999996,647.92,362.57,31.88
中彰投,2019,16,1.48,433.25,522.71,279.56,31.82
中彰投,2019,17,1.53,426.75,514.54,275.56,32.55
中彰投,2019,18,1.35,422.7,505.45000000000005,254.37,30.53
中彰投,2019,19,1.52,422.36,507.41999999999996,252.59,31.119999999999997
中彰投,2019,20,1.5,333.79999999999995,452.16999999999996,227.44,31.439999999999998
中彰投,2019,21,1.51,363.96000000000004,520.75,261.6,32.36
中彰投,2019,22,1.44,406.04,516.71,253.65,34.89
中彰投,2019,23,1.37,282.33000000000004,318.57,143.06,31.45
中彰投,2019,24,1.43,328.19,275.71,141.74,29.78
中彰投,2019,25,1.45,335.73,281.42999999999995,138.65,29.619999999999997
中彰投,2019,26,1.23,281.32,273.15,116.65,28.8
中彰投,2019,27,1.16,288.38,267.34,108.08,28.36
中彰投,2019,28,1.2,263.88,273.0,126.92,28.15
中彰投,2019,29,1.28,311.33,319.66,175.8,28.5
中彰投,2019,30,1.24,329.31,323.01,164.54,29.72
中彰投,2019,31,1.26,357.0,343.5,176.64999999999998,33.08
中彰投,2019,32,1.26,391.12,410.94,206.62,33.12
中彰投,2019,33,1.14,381.39,305.34000000000003,147.92,28.63
中彰投,2019,34,1.27,375.35,286.71000000000004,161.97,29.909999999999997
中彰投,2019,35,1.24,383.44,406.59000000000003,241.88,35.32
中彰投,2019,36,1.45,399.35,398.73,241.89999999999998,36.03
中彰投,2019,37,1.21,449.97,443.18,273.27,34.69
中彰投,2019,38,1.37,606.51,521.1700000000001,273.48,32.72
中彰投,2019,39,1.4,567.0899999999999,500.59000000000003,229.31,31.54
中彰投,2019,40,1.52,477.83,603.74,365.56,34.510000000000005
中彰投,2019,41,1.43,544.9300000000001,702.76,433.23,36.230000000000004
中彰投,2019,42,1.39,581.69,602.69,298.0,33.32
中彰投,2019,43,1.39,563.06,549.15,259.08000000000004,32.97
中彰投,2019,44,1.26,521.33,645.53,306.93,33.06
中彰投,2019,45,1.37,537.1300000000001,640.3299999999999,284.23,30.9
中彰投,2019,46,1.39,553.6500000000001,690.15,347.36,32.51
中彰投,2019,47,1.35,465.44,629.5799999999999,323.45,32.379999999999995
中彰投,2019,48,1.37,406.69,478.87,213.61,30.79
中彰投,2019,49,1.35,423.4,426.47,192.0,28.95
中彰投,2019,50,1.34,394.69,489.62,253.86,29.99
中彰投,2019,51,1.51,321.4,541.12,289.03,32.04
中彰投,2019,52,1.59,289.58000000000004,444.84000000000003,226.75,31.04
北北基桃竹苗,2016,2,1.08,342.05,604.59,316.63,39.56
北北基桃竹苗,2016,3,0.99,385.94,557.77,296.22,35.3
北北基桃竹苗,2016,4,1.06,361.7,532.13,265.47,36.37
北北基桃竹苗,2016,5,1.22,367.19,412.08,177.67000000000002,34.129999999999995
北北基桃竹苗,2016,6,1.56,453.28,564.63,283.91,35.45
北北基桃竹苗,2016,7,1.07,435.37,632.42,337.05,36.15
北北基桃竹苗,2016,8,1.71,407.33000000000004,596.59,269.31,29.67
北北基桃竹苗,2016,9,1.63,479.17,672.75,295.6,31.14
北北基桃竹苗,2016,10,1.63,407.99,631.55,325.85,38.64
北北基桃竹苗,2016,11,1.49,349.9,570.33,311.27,38.11
北北基桃竹苗,2016,12,1.44,402.35,568.73,298.76,33.19
北北基桃竹苗,2016,13,1.34,502.13,751.5699999999999,400.68,39.61
北北基桃竹苗,2016,14,1.36,476.69,888.22,510.16,47.53
北北基桃竹苗,2016,15,1.27,372.23,744.21,441.87,45.2
北北基桃竹苗,2016,16,1.27,404.24,588.99,315.83000000000004,40.370000000000005
北北基桃竹苗,2016,17,1.19,422.77,631.45,333.92,42.370000000000005
北北基桃竹苗,2016,18,1.15,477.46999999999997,749.0,421.21000000000004,45.980000000000004
北北基桃竹苗,2016,19,1.13,480.34,697.45,379.62,46.82
北北基桃竹苗,2016,20,1.12,454.5,528.94,260.6,41.0
北北基桃竹苗,2016,21,1.11,422.88,522.12,268.93,43.36
北北基桃竹苗,2016,22,1.01,329.33,501.0,247.19,46.019999999999996
北北基桃竹苗,2016,23,1.07,340.7,452.1,197.83999999999997,40.379999999999995
北北基桃竹苗,2016,24,0.94,317.5,389.53,159.92,35.629999999999995
北北基桃竹苗,2016,25,1.0,295.02,369.47,144.85,38.09
北北基桃竹苗,2016,26,0.96,329.37,406.51,176.41,45.46
北北基桃竹苗,2016,27,0.87,317.45,395.21000000000004,167.04,41.629999999999995
北北基桃竹苗,2016,28,0.83,301.56,371.86,143.14,35.86
北北基桃竹苗,2016,29,0.86,299.42,406.18,164.11,35.71
北北基桃竹苗,2016,30,0.87,355.21000000000004,480.65999999999997,231.31,44.44
北北基桃竹苗,2016,31,0.88,407.93,476.47,234.13,46.68000000000001
北北基桃竹苗,2016,32,0.91,359.45000000000005,410.40999999999997,179.54000000000002,41.63
北北基桃竹苗,2016,33,0.83,336.97,372.03,152.72,39.63
北北基桃竹苗,2016,34,0.85,364.54999999999995,441.56,189.82,40.93000000000001
北北基桃竹苗,2016,35,0.84,513.17,590.72,283.85,44.67
北北基桃竹苗,2016,36,0.88,487.14,527.1700000000001,252.18,41.730000000000004
北北基桃竹苗,2016,37,0.88,305.9,379.0,154.47,36.269999999999996
北北基桃竹苗,2016,38,0.77,357.28,418.77,154.27,32.33
北北基桃竹苗,2016,39,0.91,393.07,456.73,176.67000000000002,31.410000000000004
北北基桃竹苗,2016,40,0.76,331.46000000000004,447.76,187.31,33.92
北北基桃竹苗,2016,41,0.89,348.65999999999997,392.32,156.10000000000002,32.65
北北基桃竹苗,2016,42,0.81,368.24,409.23,169.51,32.45
北北基桃竹苗,2016,43,0.87,367.95,555.39,261.96000000000004,42.8
北北基桃竹苗,2016,44,0.9,444.82,565.95,248.77,43.33
北北基桃竹苗,2016,45,0.96,461.24,514.9,214.74,37.980000000000004
北北基桃竹苗,2016,46,1.01,435.98,602.63,277.95000000000005,42.52
北北基桃竹苗,2016,47,1.01,390.27,558.8,253.63,44.42
北北基桃竹苗,2016,48,0.96,372.57000000000005,483.70000000000005,193.56,36.870000000000005
北北基桃竹苗,2016,49,0.98,427.58000000000004,566.87,222.76,34.7
北北基桃竹苗,2016,50,1.0,445.91999999999996,584.2,241.82999999999998,36.51
北北基桃竹苗,2016,51,1.01,414.35,577.4200000000001,259.15,36.72
北北基桃竹苗,2016,52,1.04,410.73,585.81,271.34000000000003,35.3
北北基桃竹苗,2017,1,1.11,393.57000000000005,621.1700000000001,294.18,35.49
北北基桃竹苗,2017,2,1.03,391.04,609.45,308.5,39.24
北北基桃竹苗,2017,3,1.01,422.9,508.65000000000003,237.29000000000002,34.71
北北基桃竹苗,2017,4,0.98,460.88,496.43,210.66,31.17
北北基桃竹苗,2017,5,0.98,465.76,522.06,239.14999999999998,30.84
北北基桃竹苗,2017,6,1.16,468.0,604.9200000000001,297.38,31.589999999999996
北北基桃竹苗,2017,7,1.11,514.35,661.39,328.1,34.099999999999994
北北基桃竹苗,2017,8,1.09,465.08000000000004,560.06,278.2,32.54
北北基桃竹苗,2017,9,1.0,462.01,596.31,296.26,34.4
北北基桃竹苗,2017,10,1.06,519.6,661.97,336.93,37.8
北北基桃竹苗,2017,11,1.14,515.61,592.23,295.63,34.58
北北基桃竹苗,2017,12,1.11,508.38,513.84,238.67,34.5
北北基桃竹苗,2017,13,1.13,567.15,701.45,337.66999999999996,39.629999999999995
北北基桃竹苗,2017,14,1.06,605.94,834.73,432.44,43.06
北北基桃竹苗,2017,15,1.2,516.21,670.3499999999999,353.92,42.82
北北基桃竹苗,2017,16,1.12,411.24,605.36,307.05,39.83
北北基桃竹苗,2017,17,1.0,480.76,603.45,290.20000000000005,37.82
北北基桃竹苗,2017,18,1.1,524.9300000000001,616.73,307.28,43.26
北北基桃竹苗,2017,19,1.12,452.63,652.37,314.54999999999995,46.44
北北基桃竹苗,2017,20,1.09,486.8,536.58,234.02999999999997,40.709999999999994
北北基桃竹苗,2017,21,1.08,499.25,413.15,186.24,38.84
北北基桃竹苗,2017,22,0.92,429.84000000000003,382.21000000000004,170.94,36.49
北北基桃竹苗,2017,23,1.16,380.59000000000003,418.5,207.81,38.17
北北基桃竹苗,2017,24,1.08,341.62,394.24,187.14000000000001,38.07
北北基桃竹苗,2017,25,1.15,285.95000000000005,318.9,131.1,35.239999999999995
北北基桃竹苗,2017,26,1.12,289.3,380.57,167.64,41.18
北北基桃竹苗,2017,27,1.17,302.81,376.92,159.89,40.85
北北基桃竹苗,2017,28,1.19,281.38,364.78,151.82,40.49
北北基桃竹苗,2017,29,1.02,316.72,410.39,189.26,43.5
北北基桃竹苗,2017,30,1.04,349.66999999999996,427.57,212.87,42.94
北北基桃竹苗,2017,31,1.0,348.35,433.64,209.13,40.3
北北基桃竹苗,2017,32,0.93,327.14,444.26,197.11,38.52
北北基桃竹苗,2017,33,0.87,331.87,444.15,219.39999999999998,43.49
北北基桃竹苗,2017,34,0.88,338.81,414.31,213.51999999999998,43.57
北北基桃竹苗,2017,35,0.84,342.68,376.15999999999997,175.23000000000002,36.769999999999996
北北基桃竹苗,2017,36,0.88,352.99,404.6,193.99,39.870000000000005
北北基桃竹苗,2017,37,0.91,382.28,472.68,226.13,43.71
北北基桃竹苗,2017,38,0.9,507.99,575.39,296.36,49.66
北北基桃竹苗,2017,39,0.92,519.3,584.88,320.57,51.66
北北基桃竹苗,2017,40,0.86,469.03,531.11,273.15999999999997,43.51
北北基桃竹苗,2017,41,0.82,414.88,449.45,208.5,35.29
北北基桃竹苗,2017,42,0.82,371.48,364.38,147.82999999999998,29.05
北北基桃竹苗,2017,43,0.92,544.76,514.81,224.57,29.68
北北基桃竹苗,2017,44,0.91,607.96,597.21,264.25,31.240000000000002
北北基桃竹苗,2017,45,0.95,507.96,512.88,225.51,31.730000000000004
北北基桃竹苗,2017,46,0.98,423.67999999999995,454.7,213.88,35.06
北北基桃竹苗,2017,47,0.99,381.75,384.13,174.54,33.92
北北基桃竹苗,2017,48,1.03,403.53,380.78,168.41,30.42
北北基桃竹苗,2017,49,1.02,432.0,466.7,219.46,31.92
北北基桃竹苗,2017,50,1.05,437.13,469.45,219.47000000000003,33.03
北北基桃竹苗,2017,51,1.1,441.26,461.86,216.03,34.45
北北基桃竹苗,2017,52,1.23,471.32,614.6700000000001,300.0,36.5
北北基桃竹苗,2018,1,1.05,437.08,593.1700000000001,280.3,34.900000000000006
北北基桃竹苗,2018,2,1.12,395.97,436.31,189.67000000000002,32.32
北北基桃竹苗,2018,3,1.24,401.31,462.11,217.51999999999998,36.63
北北基桃竹苗,2018,4,1.15,427.24,457.32,208.27999999999997,35.36
北北基桃竹苗,2018,5,1.1,444.86,395.15,186.92000000000002,28.49
北北基桃竹苗,2018,6,1.2,428.86,458.69,234.98,29.18
北北基桃竹苗,2018,7,1.07,453.28,741.06,322.12,33.89
北北基桃竹苗,2018,8,1.26,451.98,779.14,349.77,34.65
北北基桃竹苗,2018,9,1.3,389.39,712.46,367.27,37.64
北北基桃竹苗,2018,10,1.35,416.44,657.46,324.89,35.67
北北基桃竹苗,2018,11,1.3,451.77,572.17,276.90999999999997,35.76
北北基桃竹苗,2018,12,1.23,490.42,635.02,305.86,36.599999999999994
北北基桃竹苗,2018,13,1.26,527.49,652.36,296.57,30.95
北北基桃竹苗,2018,14,0.98,506.37,808.61,345.12,32.370000000000005
北北基桃竹苗,2018,15,1.22,465.33000000000004,797.4200000000001,343.25,37.78
北北基桃竹苗,2018,16,1.14,511.80999999999995,719.4300000000001,324.44,40.870000000000005
北北基桃竹苗,2018,17,1.12,586.4,701.12,343.27,39.38
北北基桃竹苗,2018,18,1.1,533.99,615.6700000000001,331.59000000000003,40.72
北北基桃竹苗,2018,19,1.11,510.24,589.77,282.7,41.83
北北基桃竹苗,2018,20,1.06,429.08000000000004,544.3,256.0,47.120000000000005
北北基桃竹苗,2018,21,1.0,391.46000000000004,534.9,267.74,50.510000000000005
北北基桃竹苗,2018,22,0.95,484.52,510.38,251.79000000000002,44.870000000000005
北北基桃竹苗,2018,23,1.0,439.21999999999997,442.07,212.07999999999998,41.3
北北基桃竹苗,2018,24,0.91,474.84999999999997,428.93,196.54000000000002,36.5
北北基桃竹苗,2018,25,0.84,425.34,389.94,168.61,33.46
北北基桃竹苗,2018,26,0.87,299.78999999999996,371.65999999999997,167.72,40.37
北北基桃竹苗,2018,27,0.9,322.08,373.77,169.46,39.94
北北基桃竹苗,2018,28,0.81,280.53999999999996,353.88,146.11,34.78
北北基桃竹苗,2018,29,0.88,252.93,360.91999999999996,161.12,35.12
北北基桃竹苗,2018,30,0.86,293.21000000000004,428.82,202.70999999999998,39.37
北北基桃竹苗,2018,31,0.88,366.77,490.57,229.82999999999998,42.629999999999995
北北基桃竹苗,2018,32,0.84,389.24,482.81,244.07,42.9
北北基桃竹苗,2018,33,0.82,371.69,433.07000000000005,212.7,40.73
北北基桃竹苗,2018,34,0.83,369.94,363.92,151.01999999999998,35.849999999999994
北北基桃竹苗,2018,35,0.87,329.17,370.44,154.42000000000002,34.33
北北基桃竹苗,2018,36,0.94,335.21000000000004,426.31,192.25,36.62
北北基桃竹苗,2018,37,0.88,351.5,425.31,189.63,35.93
北北基桃竹苗,2018,38,0.89,338.07,460.73,224.28,38.05
北北基桃竹苗,2018,39,0.77,468.72,537.06,240.39,35.8
北北基桃竹苗,2018,40,0.96,643.4300000000001,563.47,215.92,30.869999999999997
北北基桃竹苗,2018,41,0.85,613.24,479.81,204.11,32.43
北北基桃竹苗,2018,42,0.89,536.84,397.79,169.77,31.02
北北基桃竹苗,2018,43,0.85,555.1800000000001,534.61,214.56,33.980000000000004
北北基桃竹苗,2018,44,0.91,569.8,535.89,208.39999999999998,33.53
北北基桃竹苗,2018,45,0.95,487.88,498.73,229.94,34.91
北北基桃竹苗,2018,46,0.88,398.66999999999996,504.42999999999995,252.02999999999997,37.980000000000004
北北基桃竹苗,2018,47,0.85,419.66999999999996,399.64,191.70999999999998,33.879999999999995
北北基桃竹苗,2018,48,0.96,436.56,451.0,222.24,34.989999999999995
北北基桃竹苗,2018,49,1.0,409.65,454.82,221.01000000000002,36.72
北北基桃竹苗,2018,50,1.02,363.95000000000005,336.69,162.24,32.589999999999996
北北基桃竹苗,2018,51,1.03,402.35,481.83,233.59,35.63
北北基桃竹苗,2018,52,1.02,436.67,439.44,211.42000000000002,34.160000000000004
北北基桃竹苗,2019,1,0.81,382.78,247.27,123.07000000000001,27.98
北北基桃竹苗,2019,2,1.22,333.7,355.71000000000004,172.93,29.93
北北基桃竹苗,2019,3,1.18,382.95,490.06,234.77,30.43
北北基桃竹苗,2019,4,1.23,484.96999999999997,582.53,275.37,31.909999999999997
北北基桃竹苗,2019,5,1.4,474.92999999999995,618.78,307.76,33.76
北北基桃竹苗,2019,6,0.71,426.5,537.23,278.25,29.43
北北基桃竹苗,2019,7,1.38,416.29999999999995,406.7,200.98000000000002,26.5
北北基桃竹苗,2019,8,1.23,411.78999999999996,394.21000000000004,193.92000000000002,29.0
北北基桃竹苗,2019,9,1.16,441.42,538.25,266.49,29.67
北北基桃竹苗,2019,10,1.2,474.83000000000004,516.74,269.31,28.64
北北基桃竹苗,2019,11,1.24,544.97,491.63,258.21000000000004,29.11
北北基桃竹苗,2019,12,1.23,529.25,563.95,287.54,30.880000000000003
北北基桃竹苗,2019,13,1.16,509.47,531.73,261.58000000000004,31.04
北北基桃竹苗,2019,14,1.05,548.8199999999999,548.98,280.6,31.23
北北基桃竹苗,2019,15,1.28,526.79,516.21,277.21,31.23
北北基桃竹苗,2019,16,1.23,498.40000000000003,483.02,261.55,33.879999999999995
北北基桃竹苗,2019,17,1.19,473.06,482.20000000000005,261.57,38.709999999999994
北北基桃竹苗,2019,18,1.2,520.04,458.98,222.91,33.85
北北基桃竹苗,2019,19,1.2,541.43,398.58000000000004,190.53,29.51
北北基桃竹苗,2019,20,1.12,407.88,380.53,193.74,31.93
北北基桃竹苗,2019,21,1.11,421.28999999999996,479.38,227.82999999999998,31.810000000000002
北北基桃竹苗,2019,22,1.04,476.53,459.88,201.12,31.439999999999998
北北基桃竹苗,2019,23,1.09,336.72,349.84000000000003,148.72,31.77
北北基桃竹苗,2019,24,1.16,382.28,315.31,153.64,31.32
北北基桃竹苗,2019,25,1.08,403.38,299.51,147.18,30.79
北北基桃竹苗,2019,26,1.09,314.15999999999997,290.24,130.94,31.0
北北基桃竹苗,2019,27,1.0,320.63,276.95,127.5,29.47
北北基桃竹苗,2019,28,1.07,304.34000000000003,274.83000000000004,143.01,28.549999999999997
北北基桃竹苗,2019,29,1.06,296.06,295.05,153.26999999999998,29.57
北北基桃竹苗,2019,30,0.99,313.74,304.63,147.87,30.770000000000003
北北基桃竹苗,2019,31,1.02,317.67999999999995,284.65999999999997,152.36,31.14
北北基桃竹苗,2019,32,0.88,313.13,282.0,149.82999999999998,28.9
北北基桃竹苗,2019,33,0.95,382.72,283.05,152.31,27.990000000000002
北北基桃竹苗,2019,34,0.97,383.69,279.52,152.12,30.13
北北基桃竹苗,2019,35,0.97,321.59000000000003,311.40999999999997,173.22,32.4
北北基桃竹苗,2019,36,1.05,309.4,308.0,180.93,33.17
北北基桃竹苗,2019,37,0.94,339.62,308.27,178.45,31.770000000000003
北北基桃竹苗,2019,38,1.07,504.38,395.05,194.05,29.53
北北基桃竹苗,2019,39,1.05,497.76,356.11,155.48000000000002,28.450000000000003
北北基桃竹苗,2019,40,0.99,410.75,374.74,218.69,30.830000000000002
北北基桃竹苗,2019,41,1.0,535.54,471.05,279.77,32.1
北北基桃竹苗,2019,42,1.11,624.63,451.92,214.68,29.27
北北基桃竹苗,2019,43,1.06,601.67,425.11,192.28,29.11
北北基桃竹苗,2019,44,0.98,588.71,482.02,219.04000000000002,29.380000000000003
北北基桃竹苗,2019,45,1.07,607.4,486.79999999999995,211.84,28.15
北北基桃竹苗,2019,46,0.97,574.06,498.09000000000003,240.23000000000002,30.32
北北基桃竹苗,2019,47,1.05,467.32000000000005,452.19,219.07,30.36
北北基桃竹苗,2019,48,1.1,421.6,322.40999999999997,148.08,28.759999999999998
北北基桃竹苗,2019,49,1.0,476.0,327.48,154.48000000000002,28.67
北北基桃竹苗,2019,50,1.14,467.77,385.14,192.29,31.42
北北基桃竹苗,2019,51,1.1,374.26,358.41999999999996,188.89,33.11
北北基桃竹苗,2019,52,1.16,320.54,295.25,155.60000000000002,30.25
宜花東,2016,2,1.8,341.51,397.96,191.89,26.939999999999998
宜花東,2016,3,1.87,354.61,418.08,215.84,27.15
宜花東,2016,4,1.67,340.34000000000003,403.69,203.91,27.65
宜花東,2016,5,1.47,355.49,323.58000000000004,152.39999999999998,25.0
宜花東,2016,6,2.45,439.5,457.83,232.6,24.85
宜花東,2016,7,1.93,430.9,500.34999999999997,260.63,25.16
宜花東,2016,8,2.36,409.94,480.28999999999996,224.54,24.77
宜花東,2016,9,2.52,485.03999999999996,572.49,251.25,25.1
宜花東,2016,10,2.66,422.40999999999997,479.12,217.91,26.15
宜花東,2016,11,2.49,372.78999999999996,393.29999999999995,191.95999999999998,26.15
宜花東,2016,12,2.17,406.37,450.51,227.57999999999998,25.52
宜花東,2016,13,1.9,502.11,582.62,298.64,27.259999999999998
宜花東,2016,14,1.86,494.31999999999994,643.46,333.03999999999996,28.93
宜花東,2016,15,1.8,385.0,550.0999999999999,279.45,29.23
宜花東,2016,16,2.29,387.9,456.14,208.26999999999998,29.16
宜花東,2016,17,1.68,379.45,467.08000000000004,209.24,29.45
宜花東,2016,18,1.84,422.24,574.34,272.21,29.72
宜花東,2016,19,2.04,416.13,539.22,236.69,26.939999999999998
宜花東,2016,20,1.68,391.46000000000004,387.32000000000005,151.79000000000002,24.82
宜花東,2016,21,1.79,388.62,361.63,154.42000000000002,26.55
宜花東,2016,22,1.83,310.51,369.49,151.09,27.93
宜花東,2016,23,1.89,296.44,352.95,136.8,26.72
宜花東,2016,24,1.53,267.56,327.25,119.64000000000001,24.84
宜花東,2016,25,1.46,234.95,323.07000000000005,112.2,25.92
宜花東,2016,26,1.81,229.0,314.83000000000004,110.82,27.21
宜花東,2016,27,1.55,211.35000000000002,305.14,102.14,25.36
宜花東,2016,28,1.4,257.69,333.58000000000004,102.91,24.02
宜花東,2016,29,1.67,299.69,383.99,127.64999999999999,26.09
宜花東,2016,30,1.44,300.01,383.57000000000005,157.26999999999998,28.810000000000002
宜花東,2016,31,1.72,303.93,385.86,153.09,28.3
宜花東,2016,32,1.28,312.39,366.57,138.8,27.04
宜花東,2016,33,1.73,306.95000000000005,317.27,119.82,27.14
宜花東,2016,34,1.65,319.3,357.15,139.68,27.85
宜花東,2016,35,1.4,433.19000000000005,471.71,209.75,28.61
宜花東,2016,36,1.58,404.27,443.59000000000003,189.93,28.05
宜花東,2016,37,1.09,284.55999999999995,323.95000000000005,117.02000000000001,27.36
宜花東,2016,38,1.6,331.72,351.25,123.86000000000001,26.42
宜花東,2016,39,1.21,390.5,459.43,161.28,24.65
宜花東,2016,40,1.45,325.25,434.56,154.23,26.049999999999997
宜花東,2016,41,1.82,257.03000000000003,303.34,112.69999999999999,26.41
宜花東,2016,42,1.28,259.55,328.81,117.58000000000001,25.310000000000002
宜花東,2016,43,1.55,279.78999999999996,404.42999999999995,141.34,26.72
宜花東,2016,44,1.62,379.93,468.53999999999996,142.24,26.75
宜花東,2016,45,1.77,434.49,492.89,151.85,25.74
宜花東,2016,46,1.76,409.08000000000004,508.68,195.26,26.33
宜花東,2016,47,1.74,365.6,477.74,194.72,26.78
宜花東,2016,48,1.61,342.46000000000004,426.66999999999996,159.20999999999998,25.03
宜花東,2016,49,2.19,385.94,516.5,197.91,25.86
宜花東,2016,50,1.83,408.88,515.77,209.79,27.560000000000002
宜花東,2016,51,1.73,373.64,475.05,198.58999999999997,27.759999999999998
宜花東,2016,52,2.04,362.26,533.81,217.36,26.939999999999998
宜花東,2017,1,2.03,365.59000000000003,529.49,218.05,25.86
宜花東,2017,2,1.56,376.75,505.21000000000004,229.35000000000002,26.299999999999997
宜花東,2017,3,1.87,403.39,484.65999999999997,212.45,25.78
宜花東,2017,4,1.74,426.86,467.2,196.26999999999998,25.369999999999997
宜花東,2017,5,1.71,437.6,449.89,192.1,25.17
宜花東,2017,6,2.09,446.0,531.68,238.74,25.71
宜花東,2017,7,2.43,470.24,592.47,274.4,26.37
宜花東,2017,8,1.64,436.34000000000003,481.14,220.55,25.65
宜花東,2017,9,1.95,462.78,522.86,243.97,24.82
宜花東,2017,10,1.82,510.63,542.0,267.33,24.72
宜花東,2017,11,2.17,486.57,462.32,227.21,24.13
宜花東,2017,12,2.06,484.38,430.40999999999997,198.64,24.189999999999998
宜花東,2017,13,1.85,529.59,550.51,247.95,23.57
宜花東,2017,14,2.08,551.62,641.93,294.96000000000004,23.96
宜花東,2017,15,2.16,489.03999999999996,534.92,252.11,26.06
宜花東,2017,16,2.26,390.45,473.25,216.74,27.17
宜花東,2017,17,1.95,449.85,477.76,209.11,26.92
宜花東,2017,18,2.0,480.36,470.33000000000004,209.2,25.31
宜花東,2017,19,2.37,393.68,458.93,195.3,27.84
宜花東,2017,20,1.84,438.76,407.25,164.23000000000002,29.86
宜花東,2017,21,2.12,456.26,342.15999999999997,138.60000000000002,26.89
宜花東,2017,22,1.45,390.3,315.73,124.03,25.1
宜花東,2017,23,1.89,310.17,325.05,126.53999999999999,26.77
宜花東,2017,24,2.01,267.71000000000004,357.08000000000004,112.24,26.130000000000003
宜花東,2017,25,1.93,276.26,383.73,115.37,27.9
宜花東,2017,26,1.66,263.02,395.53,143.27,32.980000000000004
宜花東,2017,27,2.24,215.95999999999998,347.71000000000004,122.0,32.1
宜花東,2017,28,1.92,195.75,300.14,99.6,30.12
宜花東,2017,29,2.14,214.78,308.72,117.11,30.53
宜花東,2017,30,1.66,231.82999999999998,331.08000000000004,131.51999999999998,29.59
宜花東,2017,31,1.77,281.53999999999996,399.81,154.26999999999998,28.659999999999997
宜花東,2017,32,1.34,333.95,461.9,185.19,29.259999999999998
宜花東,2017,33,1.76,327.99,424.90999999999997,187.11,28.94
宜花東,2017,34,1.56,283.47,371.71,150.78,26.700000000000003
宜花東,2017,35,1.34,253.64999999999998,348.52,123.0,25.03
宜花東,2017,36,1.68,258.66,365.28,133.61,25.61
宜花東,2017,37,1.57,304.89,404.65999999999997,158.75,26.15
宜花東,2017,38,1.57,374.15,441.61,198.32,27.91
宜花東,2017,39,1.49,364.96000000000004,423.04999999999995,197.32999999999998,29.310000000000002
宜花東,2017,40,1.84,351.72,424.67999999999995,186.24,27.700000000000003
宜花東,2017,41,1.64,326.80999999999995,400.15999999999997,160.36,25.44
宜花東,2017,42,1.6,319.32,354.49,121.98,22.490000000000002
宜花東,2017,43,1.51,483.71,518.0799999999999,197.76999999999998,22.21
宜花東,2017,44,1.62,545.48,650.49,231.57999999999998,24.13
宜花東,2017,45,1.73,429.35,540.21,185.70999999999998,24.67
宜花東,2017,46,1.98,354.83000000000004,413.17,167.87,24.96
宜花東,2017,47,2.12,363.92,400.21000000000004,156.56,24.28
宜花東,2017,48,1.65,378.79,417.02,157.86,23.47
宜花東,2017,49,1.79,402.79,457.89,189.88,23.59
宜花東,2017,50,1.83,407.52,471.82,206.03,24.57
宜花東,2017,51,1.86,406.76,460.41999999999996,191.86,25.4
宜花東,2017,52,1.99,442.01,543.85,243.06,25.41
宜花東,2018,1,1.79,401.32,518.71,244.73000000000002,25.15
宜花東,2018,2,2.08,380.03999999999996,421.20000000000005,190.95,27.39
宜花東,2018,3,2.2,386.66999999999996,434.96000000000004,202.59,30.86
宜花東,2018,4,1.59,398.9,436.15,193.91000000000003,29.78
宜花東,2018,5,1.92,434.25,379.53999999999996,159.15,24.92
宜花東,2018,6,2.0,410.94,368.49,165.68,22.85
宜花東,2018,7,1.85,425.35,530.3199999999999,218.13,25.59
宜花東,2018,8,2.02,443.12,548.36,223.84,26.97
宜花東,2018,9,2.3,404.55,486.53999999999996,211.6,28.33
宜花東,2018,10,2.17,421.51,498.27,203.94,27.909999999999997
宜花東,2018,11,2.24,463.48,463.44,189.64,27.04
宜花東,2018,12,1.99,493.41999999999996,511.19,211.97,28.27
宜花東,2018,13,1.9,490.49,557.75,223.98000000000002,28.2
宜花東,2018,14,1.79,460.6,658.73,234.32999999999998,28.25
宜花東,2018,15,2.15,424.08,611.39,203.79,28.84
宜花東,2018,16,1.98,447.96000000000004,507.11,183.89999999999998,29.03
宜花東,2018,17,2.11,508.46000000000004,528.99,209.48,28.369999999999997
宜花東,2018,18,1.88,461.29999999999995,493.52,200.07,28.33
宜花東,2018,19,1.75,412.58,472.5,176.8,28.64
宜花東,2018,20,1.84,336.41999999999996,410.98,155.57999999999998,30.29
宜花東,2018,21,1.99,322.69,397.6,161.54000000000002,31.18
宜花東,2018,22,1.74,411.13,408.03,166.27,29.87
宜花東,2018,23,1.76,360.04999999999995,346.48,138.01,28.94
宜花東,2018,24,1.73,408.33000000000004,347.19,139.47,27.98
宜花東,2018,25,1.73,383.20000000000005,370.85,132.47,28.27
宜花東,2018,26,1.82,242.3,356.5,126.5,30.189999999999998
宜花東,2018,27,1.5,258.56,366.86,138.01,30.93
宜花東,2018,28,1.39,240.69,351.41,116.73,29.53
宜花東,2018,29,1.55,203.01,312.12,100.34,29.04
宜花東,2018,30,1.59,230.21999999999997,342.85,121.52000000000001,30.740000000000002
宜花東,2018,31,1.67,310.16999999999996,393.13,156.94,31.939999999999998
宜花東,2018,32,1.48,343.44,391.12,169.14,31.759999999999998
宜花東,2018,33,1.42,317.39,354.42,135.51,28.83
宜花東,2018,34,1.21,312.51,324.93,96.03,25.490000000000002
宜花東,2018,35,1.4,265.56,320.51,86.91,23.01
宜花東,2018,36,1.46,239.8,359.38,110.66,24.55
宜花東,2018,37,1.64,259.05,375.51,122.74000000000001,25.45
宜花東,2018,38,1.39,236.47,353.55,117.69,24.18
宜花東,2018,39,1.26,341.34000000000003,417.65999999999997,131.94,24.310000000000002
宜花東,2018,40,1.88,542.45,550.54,174.31,24.75
宜花東,2018,41,1.4,535.85,473.76,171.51999999999998,26.060000000000002
宜花東,2018,42,2.06,479.18000000000006,362.06,146.63,25.72
宜花東,2018,43,1.56,502.81000000000006,481.89,183.78,26.869999999999997
宜花東,2018,44,1.51,480.46000000000004,503.29999999999995,172.31,26.93
宜花東,2018,45,1.6,382.07,427.40999999999997,145.09,27.0
宜花東,2018,46,1.66,331.57,398.01,157.08,28.799999999999997
宜花東,2018,47,1.55,383.21000000000004,356.36,151.42000000000002,28.63
宜花東,2018,48,1.64,384.26,378.08,157.18,27.75
宜花東,2018,49,1.9,365.13,388.88,151.89999999999998,26.79
宜花東,2018,50,1.43,357.64,330.28999999999996,128.41,23.75
宜花東,2018,51,1.55,378.64,399.64,165.81,23.61
宜花東,2018,52,1.55,398.09000000000003,385.1,155.34,24.77
宜花東,2019,1,1.34,363.61,280.32,116.31,22.13
宜花東,2019,2,1.85,333.83,307.48,134.11,21.08
宜花東,2019,3,1.91,390.96,357.2,162.07,20.58
宜花東,2019,4,1.89,461.9,459.65999999999997,213.24,21.91
宜花東,2019,5,2.31,448.32,466.88,212.57,25.200000000000003
宜花東,2019,6,1.25,408.95000000000005,375.75,177.22,23.67
宜花東,2019,7,2.42,390.32000000000005,323.67,151.45999999999998,20.54
宜花東,2019,8,2.12,385.34000000000003,326.8,143.35,21.85
宜花東,2019,9,2.03,413.51,403.85,180.06,23.57
宜花東,2019,10,1.96,452.56,383.84,183.38,24.92
宜花東,2019,11,2.19,513.51,425.78999999999996,207.92000000000002,25.95
宜花東,2019,12,2.0,485.39,465.64,224.15,24.869999999999997
宜花東,2019,13,2.02,459.94,413.14,199.26,22.509999999999998
宜花東,2019,14,1.53,485.23,409.43,203.05,21.17
宜花東,2019,15,2.32,482.07,390.9,192.07999999999998,21.34
宜花東,2019,16,2.21,453.11,381.97,177.63,22.25
宜花東,2019,17,2.1,402.45,378.69,176.2,25.310000000000002
宜花東,2019,18,1.79,445.08000000000004,389.78,168.17,24.48
宜花東,2019,19,1.9,456.92,346.1,145.89,21.439999999999998
宜花東,2019,20,2.0,343.23,326.44,138.8,21.98
宜花東,2019,21,1.89,367.41,412.90999999999997,165.66000000000003,23.1
宜花東,2019,22,1.74,410.98,394.47,156.63,21.4
宜花東,2019,23,1.91,278.89,322.3,120.6,19.86
宜花東,2019,24,1.9,307.01,306.92,119.08,20.060000000000002
宜花東,2019,25,1.89,353.59000000000003,316.28,134.48,21.770000000000003
宜花東,2019,26,1.94,280.88,296.03999999999996,121.65,21.33
宜花東,2019,27,1.58,269.72,290.78999999999996,107.92,21.67
宜花東,2019,28,1.67,282.59000000000003,316.03,134.97,24.450000000000003
宜花東,2019,29,1.83,269.6,301.56,131.13,23.71
宜花東,2019,30,1.93,245.25,275.11,107.27000000000001,21.189999999999998
宜花東,2019,31,2.07,227.62,224.78,101.14,20.13
宜花東,2019,32,1.75,246.95999999999998,268.85,110.46000000000001,20.98
宜花東,2019,33,2.0,313.57,339.86,133.07999999999998,20.47
宜花東,2019,34,1.61,320.57,382.53,123.21000000000001,20.36
宜花東,2019,35,2.04,244.87,326.17,100.80000000000001,21.119999999999997
宜花東,2019,36,1.67,225.13,233.35000000000002,91.58,20.9
宜花東,2019,37,1.42,285.59000000000003,268.76,112.86,20.58
宜花東,2019,38,1.94,450.47,386.48,150.7,20.07
宜花東,2019,39,1.91,475.0,382.59000000000003,147.64,20.93
宜花東,2019,40,1.75,361.53999999999996,333.53999999999996,173.44,21.91
宜花東,2019,41,1.56,460.68999999999994,399.7,221.97,21.03
宜花東,2019,42,2.12,564.46,429.25,208.86,22.73
宜花東,2019,43,1.7,543.81,405.07,193.26,23.42
宜花東,2019,44,1.83,506.19,399.87,196.01999999999998,20.93
宜花東,2019,45,1.91,516.87,408.49,180.69,21.69
宜花東,2019,46,1.6,529.84,451.37,197.89999999999998,24.53
宜花東,2019,47,1.53,457.39,421.06,177.47,23.37
宜花東,2019,48,1.43,416.0,318.54999999999995,128.56,20.41
宜花東,2019,49,1.95,436.09000000000003,286.06,125.22999999999999,19.47
宜花東,2019,50,1.86,440.06,329.02,157.65,20.4
宜花東,2019,51,1.84,379.35,312.97,155.72,21.74
宜花東,2019,52,1.49,332.57000000000005,248.52,121.58,21.42
雲嘉南,2016,2,1.67,329.26,872.48,476.32000000000005,41.8
雲嘉南,2016,3,1.62,338.19,803.85,458.44,43.04
雲嘉南,2016,4,1.73,334.63,766.3399999999999,426.14,43.010000000000005
雲嘉南,2016,5,1.81,345.49,638.54,318.82,35.35
雲嘉南,2016,6,2.51,448.0,844.1299999999999,460.82000000000005,35.769999999999996
雲嘉南,2016,7,1.82,425.08000000000004,909.5,501.18,42.4
雲嘉南,2016,8,2.9,350.74,942.31,473.78,44.15
雲嘉南,2016,9,2.81,455.39,1167.96,575.42,46.519999999999996
雲嘉南,2016,10,2.74,425.78,1023.45,546.4,48.85
雲嘉南,2016,11,2.25,334.01,815.9000000000001,488.87,46.74
雲嘉南,2016,12,2.35,323.36,843.79,493.01,38.99
雲嘉南,2016,13,1.97,487.14,1009.48,589.8199999999999,40.27
雲嘉南,2016,14,2.24,530.87,1035.1,621.9100000000001,44.58
雲嘉南,2016,15,2.14,416.24,845.69,494.49,42.400000000000006
雲嘉南,2016,16,1.84,409.11,693.36,367.59,41.27
雲嘉南,2016,17,1.97,386.28,651.75,324.9,41.77
雲嘉南,2016,18,1.65,413.96000000000004,751.29,403.12,43.56
雲嘉南,2016,19,1.87,409.99,722.73,376.56,43.75
雲嘉南,2016,20,1.76,457.1,657.47,305.1,43.26
雲嘉南,2016,21,1.63,487.11,719.24,350.12,43.129999999999995
雲嘉南,2016,22,1.68,336.87,561.29,242.20999999999998,37.650000000000006
雲嘉南,2016,23,1.51,296.22,429.12,147.32,31.400000000000002
雲嘉南,2016,24,1.5,300.25,388.58,132.82999999999998,28.87
雲嘉南,2016,25,1.49,272.41999999999996,406.97,138.5,34.3
雲嘉南,2016,26,1.43,271.12,454.29,165.07,39.769999999999996
雲嘉南,2016,27,1.26,297.57,468.5,177.36,39.66
雲嘉南,2016,28,1.44,321.15999999999997,399.53,146.19,34.22
雲嘉南,2016,29,1.46,281.91,375.75,137.41,29.91
雲嘉南,2016,30,1.35,289.78000000000003,436.67999999999995,189.93,34.25
雲嘉南,2016,31,1.45,378.09000000000003,468.0,222.43,37.28
雲嘉南,2016,32,1.3,436.09000000000003,485.42,231.54000000000002,39.89
雲嘉南,2016,33,1.44,390.43,431.97,193.54000000000002,37.96
雲嘉南,2016,34,1.38,397.23,494.39,234.07,37.47
雲嘉南,2016,35,1.37,575.5,688.75,380.61,41.87
雲嘉南,2016,36,1.37,502.7,543.77,288.24,36.129999999999995
雲嘉南,2016,37,1.37,315.47,367.75,147.25,34.900000000000006
雲嘉南,2016,38,1.28,416.18,552.74,240.63,41.67
雲嘉南,2016,39,1.41,494.86,694.54,310.65999999999997,42.4
雲嘉南,2016,40,1.23,469.35,709.81,345.08000000000004,42.269999999999996
雲嘉南,2016,41,1.33,395.71000000000004,621.81,301.14,39.21
雲嘉南,2016,42,1.55,418.33000000000004,767.02,371.78,40.32
雲嘉南,2016,43,1.61,441.34000000000003,842.15,424.78,45.96
雲嘉南,2016,44,1.37,435.13,836.0999999999999,378.90999999999997,47.59
雲嘉南,2016,45,1.48,487.4,932.64,425.6,45.7
雲嘉南,2016,46,1.56,496.02,1066.98,556.34,49.17
雲嘉南,2016,47,1.73,430.71999999999997,1084.14,588.0,51.37
雲嘉南,2016,48,1.48,344.19,827.1,401.48,44.58
雲嘉南,2016,49,1.43,363.97,896.7,408.07,45.28
雲嘉南,2016,50,1.48,392.66999999999996,1051.27,479.6,46.0
雲嘉南,2016,51,1.63,396.04999999999995,1076.0900000000001,528.9300000000001,45.28
雲嘉南,2016,52,1.61,378.14,1082.3400000000001,533.33,45.769999999999996
雲嘉南,2017,1,1.61,382.36,1135.76,557.36,43.510000000000005
雲嘉南,2017,2,1.83,386.94,1108.67,577.96,45.120000000000005
雲嘉南,2017,3,1.84,367.18,945.3,447.25,46.099999999999994
雲嘉南,2017,4,1.6,403.94,946.36,409.13,45.16
雲嘉南,2017,5,1.65,430.65,993.77,416.21,43.14
雲嘉南,2017,6,1.99,425.0,1087.66,481.64,43.16
雲嘉南,2017,7,1.85,461.99,1156.77,557.51,43.790000000000006
雲嘉南,2017,8,1.78,439.82,1070.31,526.76,41.94
雲嘉南,2017,9,1.55,460.85,1059.6,518.7,45.519999999999996
雲嘉南,2017,10,1.75,500.53000000000003,1028.13,537.76,45.730000000000004
雲嘉南,2017,11,1.89,484.54,971.8299999999999,529.5699999999999,42.730000000000004
雲嘉南,2017,12,1.76,517.13,987.16,499.15999999999997,43.28
雲嘉南,2017,13,1.78,567.11,1046.1999999999998,513.95,43.040000000000006
雲嘉南,2017,14,1.56,620.25,1007.56,509.96000000000004,43.69
雲嘉南,2017,15,1.9,503.21999999999997,812.5,419.33,43.85
雲嘉南,2017,16,1.72,391.94,667.56,338.96,40.58
雲嘉南,2017,17,1.6,515.7,761.38,391.57,41.94
雲嘉南,2017,18,1.76,573.0699999999999,856.8499999999999,448.53999999999996,45.07
雲嘉南,2017,19,1.75,485.52,802.28,385.09,44.480000000000004
雲嘉南,2017,20,1.62,482.95000000000005,707.21,323.77,43.42
雲嘉南,2017,21,1.73,504.26,629.27,291.65999999999997,42.68
雲嘉南,2017,22,1.53,440.35,580.53,244.25,37.61
雲嘉南,2017,23,1.53,363.19,516.36,206.24,36.42
雲嘉南,2017,24,1.79,277.74,431.9,155.13,34.33
雲嘉南,2017,25,1.59,217.63,357.66999999999996,119.32,30.71
雲嘉南,2017,26,1.59,239.73,380.28,140.73,31.29
雲嘉南,2017,27,1.7,275.31,391.59000000000003,141.64999999999998,32.71
雲嘉南,2017,28,1.7,304.33000000000004,413.28999999999996,152.76,38.29
雲嘉南,2017,29,1.66,391.89,530.23,230.68,40.95
雲嘉南,2017,30,1.68,432.18,568.8800000000001,271.89,41.709999999999994
雲嘉南,2017,31,1.44,363.07,468.08000000000004,201.24,34.97
雲嘉南,2017,32,1.65,271.03999999999996,419.57000000000005,151.92,27.95
雲嘉南,2017,33,1.64,242.44,402.53,157.81,29.52
雲嘉南,2017,34,1.51,317.78999999999996,470.87,205.37,36.08
雲嘉南,2017,35,1.46,391.41999999999996,580.03,270.03,40.94
雲嘉南,2017,36,1.43,376.12,512.59,246.51,39.18
雲嘉南,2017,37,1.48,396.98,542.5699999999999,241.24,39.54
雲嘉南,2017,38,1.51,562.5699999999999,774.0899999999999,389.65999999999997,48.12
雲嘉南,2017,39,1.48,543.3299999999999,739.11,392.49,48.129999999999995
雲嘉南,2017,40,1.58,469.86,693.55,332.59000000000003,42.41
雲嘉南,2017,41,1.48,483.40999999999997,816.52,351.33000000000004,42.58
雲嘉南,2017,42,1.37,424.91999999999996,751.55,264.44,36.269999999999996
雲嘉南,2017,43,1.48,535.94,877.7,316.69,36.870000000000005
雲嘉南,2017,44,1.67,591.85,1137.63,390.64,41.730000000000004
雲嘉南,2017,45,1.68,478.89,1149.62,401.34000000000003,41.07
雲嘉南,2017,46,1.56,401.76,1041.28,439.82,42.28
雲嘉南,2017,47,1.38,375.81,957.28,363.49,42.28
雲嘉南,2017,48,1.53,396.85,1001.8999999999999,343.85,40.870000000000005
雲嘉南,2017,49,1.52,396.73,1030.42,399.03,40.0
雲嘉南,2017,50,1.59,367.5,982.62,401.89,41.42
雲嘉南,2017,51,1.76,389.17,998.47,393.33000000000004,41.89
雲嘉南,2017,52,1.71,437.70000000000005,1171.56,498.38,41.97
雲嘉南,2018,1,1.59,384.31,1115.54,516.86,41.08
雲嘉南,2018,2,1.5,346.71000000000004,782.56,354.14,37.09
雲嘉南,2018,3,1.7,374.53,891.24,438.2,38.42
雲嘉南,2018,4,1.84,381.48,1004.56,464.13,41.34
雲嘉南,2018,5,1.81,373.59000000000003,750.61,331.53,34.77
雲嘉南,2018,6,1.86,349.13,749.4300000000001,390.05,30.79
雲嘉南,2018,7,1.76,412.88,1056.5900000000001,490.29,36.78
雲嘉南,2018,8,2.07,445.89,1122.0500000000002,516.61,40.99
雲嘉南,2018,9,1.89,405.3,1091.02,544.06,42.2
雲嘉南,2018,10,1.8,418.14,1001.75,458.15999999999997,41.709999999999994
雲嘉南,2018,11,1.74,482.62,921.89,440.52,42.12
雲嘉南,2018,12,1.74,551.64,958.46,470.42,42.39
雲嘉南,2018,13,1.75,576.4300000000001,1006.8199999999999,461.93,38.97
雲嘉南,2018,14,1.5,549.09,1150.92,484.13,36.53
雲嘉南,2018,15,1.73,469.92,951.74,346.42,38.41
雲嘉南,2018,16,1.56,516.6800000000001,864.85,358.33000000000004,42.489999999999995
雲嘉南,2018,17,1.6,590.27,969.96,448.47,46.19
雲嘉南,2018,18,1.53,527.76,859.55,383.44,45.3
雲嘉南,2018,19,1.54,464.16999999999996,755.24,299.76,42.44
雲嘉南,2018,20,1.77,344.01,590.82,223.20000000000002,40.09
雲嘉南,2018,21,1.51,307.90999999999997,531.21,222.61,39.33
雲嘉南,2018,22,1.25,412.7,659.8199999999999,259.37,41.730000000000004
雲嘉南,2018,23,1.3,453.32,680.96,246.84,42.489999999999995
雲嘉南,2018,24,1.28,508.28,640.29,244.93,40.41
雲嘉南,2018,25,1.06,404.23,518.6899999999999,181.48,33.35
雲嘉南,2018,26,1.32,252.54999999999998,431.08,133.15,30.19
雲嘉南,2018,27,1.45,261.02,421.86,131.44,30.43
雲嘉南,2018,28,1.49,309.69,474.7,178.21,35.44
雲嘉南,2018,29,1.33,393.81,564.77,246.59,39.480000000000004
雲嘉南,2018,30,1.33,367.28999999999996,520.29,215.18,34.02
雲嘉南,2018,31,1.48,305.90999999999997,447.11,165.25,30.259999999999998
雲嘉南,2018,32,1.44,376.81,464.96000000000004,202.38,32.75
雲嘉南,2018,33,1.34,391.77,437.48,189.51,33.99
雲嘉南,2018,34,1.07,369.44,342.94,122.1,30.04
雲嘉南,2018,35,1.36,324.0,329.55,124.15,28.14
雲嘉南,2018,36,1.49,303.58,401.49,158.82,28.75
雲嘉南,2018,37,1.57,396.16999999999996,590.65,249.82999999999998,36.19
雲嘉南,2018,38,1.39,419.90999999999997,664.74,308.46000000000004,40.63
雲嘉南,2018,39,1.21,503.73,745.4000000000001,287.89,37.75
雲嘉南,2018,40,1.47,675.14,947.88,337.25,40.95
雲嘉南,2018,41,1.28,639.63,906.2,380.18,44.05
雲嘉南,2018,42,1.29,532.75,802.26,360.01,43.41
雲嘉南,2018,43,1.17,564.94,977.08,417.14,47.47
雲嘉南,2018,44,1.43,529.89,1028.45,414.95000000000005,47.269999999999996
雲嘉南,2018,45,1.36,463.83000000000004,1044.71,488.47,42.81
雲嘉南,2018,46,1.26,444.13,1085.1,545.25,46.75
雲嘉南,2018,47,1.37,429.45000000000005,929.4100000000001,405.68,46.739999999999995
雲嘉南,2018,48,1.27,420.23,857.49,380.59000000000003,42.510000000000005
雲嘉南,2018,49,1.5,385.56,879.71,382.99,42.49
雲嘉南,2018,50,1.44,340.98,816.48,324.4,42.24
雲嘉南,2018,51,1.57,379.1,939.44,412.81000000000006,41.92
雲嘉南,2018,52,1.56,407.25,954.86,373.96000000000004,37.84
雲嘉南,2019,1,1.21,346.76,765.22,283.15,36.28
雲嘉南,2019,2,1.78,333.16999999999996,884.98,391.99,39.06
雲嘉南,2019,3,1.81,387.36,1024.1799999999998,490.61,36.05
雲嘉南,2019,4,1.82,460.57000000000005,1100.56,531.98,37.78
雲嘉南,2019,5,2.08,472.4,1114.5900000000001,532.06,42.11
雲嘉南,2019,6,1.09,436.06,932.8800000000001,456.8,35.400000000000006
雲嘉南,2019,7,2.07,420.78,789.0,370.65999999999997,34.519999999999996
雲嘉南,2019,8,1.86,404.16999999999996,799.62,385.46000000000004,37.04
雲嘉南,2019,9,1.61,448.65,867.39,444.21000000000004,33.5
雲嘉南,2019,10,1.76,454.68,760.24,402.21000000000004,31.85
雲嘉南,2019,11,1.68,496.89,784.72,417.51,36.22
雲嘉南,2019,12,1.79,471.04999999999995,861.06,444.04,40.18
雲嘉南,2019,13,1.72,435.36,728.98,354.94000000000005,39.739999999999995
雲嘉南,2019,14,1.53,538.31,766.0699999999999,395.06,36.3
雲嘉南,2019,15,1.87,507.13,751.8,390.03,35.870000000000005
雲嘉南,2019,16,1.7,474.13,613.57,301.4,34.39
雲嘉南,2019,17,1.75,443.06,554.4200000000001,276.01,29.15
雲嘉南,2019,18,1.46,430.09000000000003,556.01,261.11,28.97
雲嘉南,2019,19,1.73,475.22,606.87,298.74,32.13
雲嘉南,2019,20,1.69,369.24,527.1700000000001,251.32999999999998,31.76
雲嘉南,2019,21,1.7,416.85,574.78,264.66,35.15
雲嘉南,2019,22,1.65,471.12,595.29,272.42,35.989999999999995
雲嘉南,2019,23,1.62,293.63,372.28,148.22,28.84
雲嘉南,2019,24,1.71,333.23,318.22,154.41,28.14
雲嘉南,2019,25,1.7,335.82,300.91999999999996,144.64,27.47
雲嘉南,2019,26,1.61,263.36,282.91999999999996,109.12,26.73
雲嘉南,2019,27,1.61,279.53,273.4,108.96000000000001,27.37
雲嘉南,2019,28,1.49,260.46,238.99,121.17000000000002,27.740000000000002
雲嘉南,2019,29,1.47,302.47,268.43,160.9,27.71
雲嘉南,2019,30,1.5,309.19,283.95,147.39,27.71
雲嘉南,2019,31,1.7,333.14,316.3,156.34,28.009999999999998
雲嘉南,2019,32,1.73,392.9,412.63,188.45,28.1
雲嘉南,2019,33,1.52,382.46000000000004,325.74,137.57,26.619999999999997
雲嘉南,2019,34,1.45,376.01,270.26,144.71,27.02
雲嘉南,2019,35,1.48,378.87,364.92,209.76999999999998,30.25
雲嘉南,2019,36,1.59,383.04,362.35,204.32999999999998,30.14
雲嘉南,2019,37,1.58,454.64,429.16999999999996,247.08999999999997,29.75
雲嘉南,2019,38,1.77,623.9,661.46,287.54999999999995,30.7
雲嘉南,2019,39,1.5,625.5699999999999,789.52,296.36,35.58
雲嘉南,2019,40,1.8,546.23,741.52,384.13,35.03
雲嘉南,2019,41,1.44,598.56,765.9100000000001,411.77,34.28
雲嘉南,2019,42,1.56,620.35,850.05,339.8,39.370000000000005
雲嘉南,2019,43,1.64,587.5699999999999,829.54,323.47,40.17
雲嘉南,2019,44,1.55,573.77,900.1099999999999,366.97,39.019999999999996
雲嘉南,2019,45,1.72,583.89,926.05,350.55,37.43
雲嘉南,2019,46,1.59,587.3599999999999,931.9000000000001,403.08000000000004,39.86
雲嘉南,2019,47,1.46,496.23,870.54,380.43,36.17
雲嘉南,2019,48,1.57,424.96000000000004,754.22,275.66999999999996,31.22
雲嘉南,2019,49,1.54,434.07,636.04,244.85999999999999,29.97
雲嘉南,2019,50,1.77,421.31,649.71,312.85,29.759999999999998
雲嘉南,2019,51,1.59,358.22,718.76,364.23,31.18
雲嘉南,2019,52,1.64,316.53,611.4300000000001,293.15999999999997,30.41
高屏,2016,2,1.02,334.55,805.7,450.44,45.07
高屏,2016,3,1.03,353.67,807.87,458.53,46.150000000000006
高屏,2016,4,1.06,351.41,766.37,435.37,44.41
高屏,2016,5,1.22,331.75,669.91,368.37,36.37
高屏,2016,6,1.09,430.53,765.99,430.97,35.68
高屏,2016,7,1.01,427.14,778.06,441.2,39.17
高屏,2016,8,1.66,376.43,887.8299999999999,491.14,42.99
高屏,2016,9,1.62,494.78999999999996,1069.8899999999999,576.27,46.56
高屏,2016,10,1.66,482.24,921.75,501.21,50.129999999999995
高屏,2016,11,1.33,378.9,770.16,438.49,50.31
高屏,2016,12,1.38,346.71000000000004,782.15,452.11,44.17
高屏,2016,13,1.11,479.47,828.97,475.58,44.05
高屏,2016,14,1.38,506.22,814.27,455.15,49.18
高屏,2016,15,0.97,411.25,647.87,347.0,50.46
高屏,2016,16,1.1,398.70000000000005,543.6700000000001,270.36,47.510000000000005
高屏,2016,17,1.11,366.91,532.5,254.57,45.260000000000005
高屏,2016,18,1.13,428.0,627.11,315.46,46.89
高屏,2016,19,0.98,411.96,596.94,279.5,47.1
高屏,2016,20,0.97,444.07,517.9,214.45,45.57
高屏,2016,21,0.9,496.74,543.6,244.41,43.959999999999994
高屏,2016,22,0.92,340.12,433.74,168.14,41.76
高屏,2016,23,0.79,282.77,384.78,124.68,37.730000000000004
高屏,2016,24,0.83,281.34000000000003,370.98,113.46000000000001,35.3
高屏,2016,25,0.95,254.32999999999998,370.01,109.71000000000001,39.09
高屏,2016,26,0.95,235.6,392.48,108.49000000000001,41.82
高屏,2016,27,1.02,276.53,431.59000000000003,123.94999999999999,44.17
高屏,2016,28,0.86,327.73,428.3,123.86999999999999,41.3
高屏,2016,29,0.93,285.53,418.42,123.99,37.29
高屏,2016,30,0.97,290.81,424.8,161.18,41.82
高屏,2016,31,0.74,351.5,422.55,174.06,41.84
高屏,2016,32,0.93,407.82000000000005,425.78,171.81,39.099999999999994
高屏,2016,33,0.78,374.69000000000005,369.72,126.06,39.099999999999994
高屏,2016,34,0.89,359.85,424.19000000000005,158.49,39.28
高屏,2016,35,0.84,533.4100000000001,582.94,279.7,40.58
高屏,2016,36,0.84,476.83000000000004,459.30999999999995,208.86,37.31
高屏,2016,37,0.82,307.14,328.14,113.24,34.26
高屏,2016,38,0.84,419.86,484.20000000000005,195.11,38.31
高屏,2016,39,0.86,571.11,647.34,293.39,42.32
高屏,2016,40,0.82,531.6,642.79,298.40999999999997,45.730000000000004
高屏,2016,41,0.84,385.27,545.88,225.28,42.4
高屏,2016,42,0.69,415.51,705.74,308.03999999999996,42.92
高屏,2016,43,0.8,447.24,756.24,335.64,48.58
高屏,2016,44,0.97,481.28,794.1099999999999,346.54999999999995,50.51
高屏,2016,45,1.01,565.5,905.31,425.22,49.04
高屏,2016,46,1.05,597.63,964.56,500.01,51.1
高屏,2016,47,1.08,530.5999999999999,1012.0,553.84,53.91
高屏,2016,48,0.95,400.89,826.59,421.79999999999995,45.33
高屏,2016,49,0.98,416.33,944.48,457.90999999999997,45.05
高屏,2016,50,1.03,466.51,1076.5900000000001,523.1,50.28
高屏,2016,51,0.95,474.43,1002.74,510.53999999999996,51.55
高屏,2016,52,0.91,426.8,997.25,516.5,48.1
高屏,2017,1,1.02,425.02,1026.23,530.38,43.3
高屏,2017,2,0.97,462.15999999999997,1085.8600000000001,572.52,46.57
高屏,2017,3,1.11,440.91999999999996,1023.9100000000001,512.63,47.41
高屏,2017,4,0.91,457.77,1011.1300000000001,475.53999999999996,46.79
高屏,2017,5,0.89,477.96000000000004,1031.51,474.17,48.34
高屏,2017,6,1.05,452.39,1087.47,520.38,47.540000000000006
高屏,2017,7,1.16,498.85,1070.92,530.75,47.46
高屏,2017,8,1.08,486.01,961.05,467.42999999999995,47.3
高屏,2017,9,1.0,508.39,1029.0,498.0,49.16
高屏,2017,10,0.98,528.31,1013.45,524.72,47.489999999999995
高屏,2017,11,0.97,507.27,925.54,493.11,46.45
高屏,2017,12,0.92,568.68,906.1700000000001,445.93,48.56
高屏,2017,13,0.96,599.65,888.78,415.24,45.39
高屏,2017,14,1.0,635.22,840.0799999999999,394.22,41.82
高屏,2017,15,1.12,511.65000000000003,700.4200000000001,332.73,41.72
高屏,2017,16,1.02,364.67,568.06,262.90999999999997,41.3
高屏,2017,17,0.98,494.4,635.8199999999999,300.49,43.69
高屏,2017,18,1.01,600.22,735.73,363.31,48.46
高屏,2017,19,1.04,499.51,672.38,310.78,48.92
高屏,2017,20,1.05,477.43,588.22,262.89,44.99
高屏,2017,21,0.99,503.18,526.45,236.62,40.36
高屏,2017,22,0.95,443.59000000000003,498.0,206.11,40.5
高屏,2017,23,1.16,337.75,456.68,171.85,40.17
高屏,2017,24,1.1,241.10999999999999,386.53999999999996,127.58,35.3
高屏,2017,25,1.09,218.24,354.92999999999995,123.75,34.92
高屏,2017,26,1.32,240.95999999999998,374.25,141.46,38.040000000000006
高屏,2017,27,1.06,252.42,383.38,140.44,38.57
高屏,2017,28,0.95,268.78999999999996,375.38,141.35000000000002,38.92
高屏,2017,29,1.05,363.96000000000004,453.64,208.14,41.12
高屏,2017,30,1.03,388.09000000000003,483.74,236.0,40.79
高屏,2017,31,0.95,330.75,443.75,186.51999999999998,36.760000000000005
高屏,2017,32,0.97,275.35,432.1,165.01,33.620000000000005
高屏,2017,33,1.01,268.04,414.51,175.76,35.59
高屏,2017,34,0.75,323.6,440.0,202.5,41.92
高屏,2017,35,1.02,336.65999999999997,472.83000000000004,214.73000000000002,42.82
高屏,2017,36,0.95,327.75,447.02,195.14999999999998,40.78
高屏,2017,37,0.9,403.65,503.56,222.76999999999998,41.5
高屏,2017,38,1.05,554.8299999999999,665.48,343.68,48.08
高屏,2017,39,0.82,517.48,646.0,344.06,51.370000000000005
高屏,2017,40,0.9,479.34999999999997,648.6099999999999,321.46000000000004,49.36
高屏,2017,41,0.89,474.88,710.27,329.24,47.51
高屏,2017,42,0.78,424.92999999999995,682.27,273.8,41.489999999999995
高屏,2017,43,0.96,571.49,867.54,344.59000000000003,42.42
高屏,2017,44,1.07,637.56,1043.92,405.82,46.86
高屏,2017,45,0.88,522.03,1077.74,454.94,46.16
高屏,2017,46,0.99,441.79999999999995,1022.24,495.68,45.25
高屏,2017,47,0.96,425.81,990.19,441.16,44.66
高屏,2017,48,0.85,432.39,1056.8600000000001,442.84000000000003,43.64
高屏,2017,49,1.05,414.36,1052.12,470.78,42.16
高屏,2017,50,1.01,390.64,1010.12,460.75,42.72
高屏,2017,51,1.14,410.38,953.78,425.35,43.54
高屏,2017,52,1.21,462.56,1044.3,495.79999999999995,42.92
高屏,2018,1,0.86,436.94000000000005,1066.4,544.5799999999999,41.06
高屏,2018,2,0.97,378.58000000000004,826.86,401.83000000000004,37.93
高屏,2018,3,0.96,400.99,905.23,458.69000000000005,40.85
高屏,2018,4,0.94,435.51,1076.68,531.34,42.56
高屏,2018,5,0.96,390.15999999999997,890.0400000000001,425.24,36.21
高屏,2018,6,1.15,334.78,774.05,423.49,30.47
高屏,2018,7,1.0,395.73,891.11,427.8,32.61
高屏,2018,8,1.23,446.03,951.98,438.59000000000003,38.19
高屏,2018,9,1.11,430.25,908.3499999999999,441.44,41.56
高屏,2018,10,1.22,433.8,871.5899999999999,390.96000000000004,42.900000000000006
高屏,2018,11,1.12,526.38,859.8199999999999,399.8,42.7
高屏,2018,12,1.02,616.62,838.3299999999999,381.08,41.379999999999995
高屏,2018,13,1.11,624.54,842.16,374.30999999999995,39.64
高屏,2018,14,0.99,582.1199999999999,912.14,384.29999999999995,39.58
高屏,2018,15,1.07,471.75,778.74,276.53,40.959999999999994
高屏,2018,16,1.05,528.43,734.48,288.19,45.41
高屏,2018,17,0.89,611.03,794.09,340.6,44.55
高屏,2018,18,0.87,518.91,693.72,276.33,41.120000000000005
高屏,2018,19,0.85,467.46000000000004,612.05,222.69,40.94
高屏,2018,20,0.93,368.74,498.45,173.71,42.06
高屏,2018,21,0.77,318.05,470.37,172.19,40.83
高屏,2018,22,0.9,395.59000000000003,505.63,194.54000000000002,39.95
高屏,2018,23,0.82,419.72,499.45000000000005,184.32999999999998,40.96
高屏,2018,24,0.85,485.83,502.5,172.25,37.69
高屏,2018,25,0.79,401.27,416.87,137.05,34.2
高屏,2018,26,0.74,255.99,339.32000000000005,116.53,33.0
高屏,2018,27,0.94,255.81,335.07000000000005,113.30000000000001,31.21
高屏,2018,28,0.89,295.90999999999997,373.87,132.56,34.64
高屏,2018,29,0.82,354.9,437.33,170.51,37.63
高屏,2018,30,0.91,336.46000000000004,422.41999999999996,164.64999999999998,34.96
高屏,2018,31,0.93,296.48,386.41999999999996,145.84,31.97
高屏,2018,32,0.96,343.9,375.03,147.67000000000002,30.67
高屏,2018,33,0.89,369.08,331.29,127.83,32.04
高屏,2018,34,0.73,369.44,278.22,103.76,32.120000000000005
高屏,2018,35,0.87,326.25,277.98,111.58000000000001,32.74
高屏,2018,36,1.04,288.65999999999997,328.91999999999996,136.25,32.11
高屏,2018,37,0.78,349.44,441.06,189.56,33.89
高屏,2018,38,0.92,388.13,517.9200000000001,238.18,38.29
高屏,2018,39,0.95,489.72,625.98,257.65999999999997,38.67
高屏,2018,40,1.05,674.99,803.09,308.17999999999995,40.81
高屏,2018,41,0.8,679.2,791.6,356.78,43.32
高屏,2018,42,0.84,596.2,737.77,358.05,42.34
高屏,2018,43,0.79,619.79,858.9,388.72,43.81
高屏,2018,44,0.86,558.14,933.5699999999999,406.28999999999996,44.31
高屏,2018,45,0.92,492.90999999999997,919.51,431.06,43.14
高屏,2018,46,0.83,536.45,923.4200000000001,481.34000000000003,46.21
高屏,2018,47,0.76,541.1800000000001,863.01,424.98,45.21
高屏,2018,48,0.82,481.65,765.3499999999999,362.62,41.82
高屏,2018,49,0.94,458.95,802.11,375.31,43.7
高屏,2018,50,0.96,437.90999999999997,854.5,393.06,43.58
高屏,2018,51,1.06,468.38,929.65,447.84000000000003,41.84
高屏,2018,52,1.01,467.36,918.98,410.45,39.33
高屏,2019,1,0.85,383.34000000000003,823.25,371.5,37.379999999999995
高屏,2019,2,1.11,401.75,917.46,443.25,38.89
高屏,2019,3,0.98,435.56,964.15,483.0,36.97
高屏,2019,4,0.95,465.71000000000004,1002.8599999999999,508.27,34.72
高屏,2019,5,1.2,519.97,979.66,467.18999999999994,35.8
高屏,2019,6,0.69,502.76,787.63,376.11,33.839999999999996
高屏,2019,7,1.26,464.19,715.14,336.58,32.46
高屏,2019,8,1.15,432.54,668.81,308.14,31.35
高屏,2019,9,1.16,472.23,683.79,340.71000000000004,31.490000000000002
高屏,2019,10,0.99,471.49,653.06,340.91,31.71
高屏,2019,11,0.95,525.54,693.5,362.49,32.370000000000005
高屏,2019,12,1.11,516.53,755.54,394.79999999999995,33.3
高屏,2019,13,0.97,457.89,650.6800000000001,323.34,32.74
高屏,2019,14,0.99,576.65,687.0799999999999,357.88,33.2
高屏,2019,15,1.09,563.11,681.04,361.90999999999997,33.96
高屏,2019,16,1.19,498.22,533.36,270.66999999999996,34.04
高屏,2019,17,0.99,436.05999999999995,451.16999999999996,229.32999999999998,31.39
高屏,2019,18,0.98,434.24,445.11,213.53,28.740000000000002
高屏,2019,19,1.04,508.07000000000005,513.86,258.6,29.52
高屏,2019,20,1.02,395.69000000000005,485.96000000000004,228.33,30.060000000000002
高屏,2019,21,1.03,425.55999999999995,453.67,197.2,30.830000000000002
高屏,2019,22,0.87,471.30999999999995,438.31,204.07999999999998,30.69
高屏,2019,23,0.99,295.51,317.19,142.49,29.48
高屏,2019,24,1.19,292.2,285.0,128.49,29.82
高屏,2019,25,0.96,301.08,281.49,124.28,29.299999999999997
高屏,2019,26,0.9,268.81,292.02,110.58,29.740000000000002
高屏,2019,27,1.04,267.37,296.95000000000005,105.25999999999999,28.92
高屏,2019,28,0.88,247.85000000000002,274.1,120.94,26.82
高屏,2019,29,1.09,294.42,295.52,148.12,26.759999999999998
高屏,2019,30,0.96,306.20000000000005,288.42,138.4,27.66
高屏,2019,31,1.05,313.65999999999997,285.55,141.07,27.939999999999998
高屏,2019,32,1.1,363.17999999999995,358.14,161.04000000000002,27.88
高屏,2019,33,1.08,350.05999999999995,311.59,131.97,26.939999999999998
高屏,2019,34,1.06,343.86,257.36,128.5,29.590000000000003
高屏,2019,35,1.07,353.28999999999996,319.88,172.71,31.590000000000003
高屏,2019,36,1.06,347.11,311.69,163.49,29.54
高屏,2019,37,0.94,420.29999999999995,339.83000000000004,193.19,30.0
高屏,2019,38,1.1,587.44,535.17,266.06,32.89
高屏,2019,39,1.03,669.77,673.3399999999999,326.08,36.16
高屏,2019,40,0.96,607.43,640.04,376.72,33.129999999999995
高屏,2019,41,0.94,599.23,585.75,353.81,28.6
高屏,2019,42,1.01,644.64,659.2,322.12,32.03
高屏,2019,43,0.95,654.9100000000001,700.36,330.32000000000005,36.46
高屏,2019,44,0.93,626.8900000000001,770.3,376.73,37.72
高屏,2019,45,0.92,601.98,837.6700000000001,381.33000000000004,37.120000000000005
高屏,2019,46,1.01,628.9200000000001,803.44,381.03,36.68
高屏,2019,47,0.97,565.96,757.49,366.78999999999996,36.34
高屏,2019,48,0.94,487.63,724.6500000000001,322.87,35.4
高屏,2019,49,1.03,438.49,619.97,284.74,31.21
高屏,2019,50,0.93,445.94,585.1500000000001,297.33,30.07
高屏,2019,51,0.8,433.86,655.1500000000001,341.59,32.8
高屏,2019,52,0.97,350.56,638.4100000000001,331.32,31.43
